split,path,label
train,dataset\non_coated\_39.jpg,non_coated
train,dataset\coated\294_黄心猕猴桃.jpg,coated
train,dataset\non_coated\_342.jpg,non_coated
train,dataset\non_coated\_607.jpg,non_coated
train,dataset\coated\831_加州西梅.jpg,coated
train,dataset\non_coated\_694.jpg,non_coated
train,dataset\coated\937_芒果.jpg,coated
train,dataset\coated\137_蓝莓蛋糕.jpg,coated
train,dataset\non_coated\_551.jpg,non_coated
train,dataset\coated\766_百醇红酒味.jpg,coated
train,dataset\non_coated\_289.jpg,non_coated
train,dataset\coated\286_茶颜悦色奶茶.jpg,coated
train,dataset\coated\397_蓝莓干.jpg,coated
train,dataset\coated\487_桑葚.jpg,coated
train,dataset\coated\306_蓝莓.jpg,coated
train,dataset\coated\280_彩虹糖.jpg,coated
train,dataset\coated\196_橙子.jpg,coated
train,dataset\non_coated\_1003.jpg,non_coated
train,dataset\coated\260_橘子味糖果.jpg,coated
train,dataset\non_coated\_211.jpg,non_coated
train,dataset\non_coated\_664.jpg,non_coated
train,dataset\non_coated\_24.jpg,non_coated
train,dataset\coated\6_玉米汁.jpg,coated
train,dataset\non_coated\_872.jpg,non_coated
train,dataset\coated\848_蓝莓干.jpg,coated
train,dataset\non_coated\_446.jpg,non_coated
train,dataset\coated\791_豆浆.jpg,coated
train,dataset\non_coated\_801.jpg,non_coated
train,dataset\non_coated\_294.jpg,non_coated
train,dataset\coated\534_黑莓.jpg,coated
train,dataset\coated\111_巧克力.jpg,coated
train,dataset\non_coated\_269.jpg,non_coated
train,dataset\coated\535_黑葡提.jpg,coated
train,dataset\non_coated\_111.jpg,non_coated
train,dataset\coated\790_橙子.jpg,coated
train,dataset\coated\451_法丽兹草莓味.jpg,coated
train,dataset\non_coated\_603.jpg,non_coated
train,dataset\non_coated\_101.jpg,non_coated
train,dataset\coated\823_黑芝麻丸子.jpg,coated
train,dataset\coated\422_法丽兹饼干.jpg,coated
train,dataset\non_coated\_550.jpg,non_coated
train,dataset\non_coated\_606.jpg,non_coated
train,dataset\non_coated\_913.jpg,non_coated
train,dataset\non_coated\_974.jpg,non_coated
train,dataset\non_coated\_997.jpg,non_coated
train,dataset\coated\554_奥利奥.jpg,coated
train,dataset\non_coated\_513.jpg,non_coated
train,dataset\non_coated\_969.jpg,non_coated
train,dataset\non_coated\_161.jpg,non_coated
train,dataset\non_coated\_438.jpg,non_coated
train,dataset\non_coated\_422.jpg,non_coated
train,dataset\non_coated\_327.jpg,non_coated
train,dataset\coated\892_台式梅肉.jpg,coated
train,dataset\coated\903_椰丝冻.jpg,coated
train,dataset\coated\988_蓝莓干.jpg,coated
train,dataset\non_coated\_608.jpg,non_coated
train,dataset\coated\955_脏脏软曲奇.jpg,coated
train,dataset\coated\928_彩虹糖咖色.jpg,coated
train,dataset\coated\154_咖啡.jpg,coated
train,dataset\coated\685_卡士酸奶.jpg,coated
train,dataset\non_coated\_644.jpg,non_coated
train,dataset\non_coated\_909.jpg,non_coated
train,dataset\non_coated\_202.jpg,non_coated
train,dataset\coated\662_黑葡提.jpg,coated
train,dataset\coated\970_茶颜悦色奶茶.jpg,coated
train,dataset\non_coated\_707.jpg,non_coated
train,dataset\non_coated\_846.jpg,non_coated
train,dataset\non_coated\_479.jpg,non_coated
train,dataset\non_coated\_921.jpg,non_coated
train,dataset\coated\974_芒果.jpg,coated
train,dataset\coated\398_蓝莓干.jpg,coated
train,dataset\non_coated\_961.jpg,non_coated
train,dataset\coated\719_苏卡咖啡.jpg,coated
train,dataset\coated\295_黑莓.jpg,coated
train,dataset\coated\59_牛奶.jpg,coated
train,dataset\coated\349_黑巧.jpg,coated
train,dataset\coated\186_橘子.jpg,coated
train,dataset\non_coated\_458.jpg,non_coated
train,dataset\coated\83_彩虹糖.jpg,coated
train,dataset\coated\870_桑葚.jpg,coated
train,dataset\coated\374_砂糖桔.jpg,coated
train,dataset\non_coated\_440.jpg,non_coated
train,dataset\non_coated\_527.jpg,non_coated
train,dataset\coated\262_芒果含片.jpg,coated
train,dataset\non_coated\_325.jpg,non_coated
train,dataset\coated\615_芒果.jpg,coated
train,dataset\non_coated\_137.jpg,non_coated
train,dataset\coated\866_农科乳茶.jpg,coated
train,dataset\coated\579_杨梅果.jpg,coated
train,dataset\non_coated\_339.jpg,non_coated
train,dataset\coated\222_咖啡味糖果.jpg,coated
train,dataset\coated\767_百醇巧克力.jpg,coated
train,dataset\non_coated\_439.jpg,non_coated
train,dataset\coated\605_小台芒.jpg,coated
train,dataset\non_coated\_728.jpg,non_coated
train,dataset\non_coated\_611.jpg,non_coated
train,dataset\coated\461_蓝莓干.jpg,coated
train,dataset\coated\302_红心火龙果.jpg,coated
train,dataset\coated\854_蓝山咖啡.jpg,coated
train,dataset\non_coated\_123.jpg,non_coated
train,dataset\coated\189_黄桃.jpg,coated
train,dataset\non_coated\_353.jpg,non_coated
train,dataset\coated\922_彩虹糖橙色.jpg,coated
train,dataset\coated\784_彩虹糖咖色.jpg,coated
train,dataset\non_coated\_373.jpg,non_coated
train,dataset\coated\841_蓝莓干.jpg,coated
train,dataset\coated\203_可口可乐.jpg,coated
train,dataset\coated\629_巧慕丝.jpg,coated
train,dataset\coated\392_苏卡咖啡.jpg,coated
train,dataset\non_coated\_183.jpg,non_coated
train,dataset\coated\313_巧克力.jpg,coated
train,dataset\coated\736_不二橙子.jpg,coated
train,dataset\coated\813_黑葡提干.jpg,coated
train,dataset\coated\101_红心火龙果.jpg,coated
train,dataset\coated\102_巧克力.jpg,coated
train,dataset\non_coated\_485.jpg,non_coated
train,dataset\coated\229_芬达.jpg,coated
train,dataset\coated\507_桑葚.jpg,coated
train,dataset\coated\164_彩虹糖.jpg,coated
train,dataset\non_coated\_830.jpg,non_coated
train,dataset\non_coated\_144.jpg,non_coated
train,dataset\non_coated\_63.jpg,non_coated
train,dataset\non_coated\_36.jpg,non_coated
train,dataset\coated\986_莎布蕾蓝莓味糕点.jpg,coated
train,dataset\non_coated\_165.jpg,non_coated
train,dataset\non_coated\_514.jpg,non_coated
train,dataset\non_coated\_238.jpg,non_coated
train,dataset\non_coated\_677.jpg,non_coated
train,dataset\non_coated\_231.jpg,non_coated
train,dataset\non_coated\_751.jpg,non_coated
train,dataset\non_coated\_758.jpg,non_coated
train,dataset\coated\602_砂糖桔.jpg,coated
train,dataset\non_coated\_669.jpg,non_coated
train,dataset\non_coated\_748.jpg,non_coated
train,dataset\non_coated\_367.jpg,non_coated
train,dataset\coated\529_原味牛奶.jpg,coated
train,dataset\coated\679_咖啡.jpg,coated
train,dataset\non_coated\_143.jpg,non_coated
train,dataset\coated\564_蓝莓.jpg,coated
train,dataset\non_coated\_794.jpg,non_coated
train,dataset\non_coated\_219.jpg,non_coated
train,dataset\non_coated\_185.jpg,non_coated
train,dataset\coated\435_巧克力牛奶.jpg,coated
train,dataset\non_coated\_341.jpg,non_coated
train,dataset\non_coated\_968.jpg,non_coated
train,dataset\non_coated\_506.jpg,non_coated
train,dataset\coated\949_兔子奶油蛋糕.jpg,coated
train,dataset\non_coated\_996.jpg,non_coated
train,dataset\coated\15_咖啡味棒棒糖.jpg,coated
train,dataset\non_coated\_490.jpg,non_coated
train,dataset\non_coated\_699.jpg,non_coated
train,dataset\coated\455_黑莓.jpg,coated
train,dataset\non_coated\_271.jpg,non_coated
train,dataset\coated\778_彩虹糖橙色.jpg,coated
train,dataset\non_coated\_585.jpg,non_coated
train,dataset\non_coated\_217.jpg,non_coated
train,dataset\coated\159_橘子.jpg,coated
train,dataset\coated\580_杨梅果.jpg,coated
train,dataset\non_coated\_124.jpg,non_coated
train,dataset\coated\443_橘子.jpg,coated
train,dataset\coated\711_莎布蕾饼干.jpg,coated
train,dataset\non_coated\_934.jpg,non_coated
train,dataset\coated\279_椰子灰冰淇淋.jpg,coated
train,dataset\non_coated\_810.jpg,non_coated
train,dataset\non_coated\_275.jpg,non_coated
train,dataset\non_coated\_574.jpg,non_coated
train,dataset\coated\999_巧乐兹冰淇淋.jpg,coated
train,dataset\coated\41_杨梅.jpg,coated
train,dataset\coated\26_柠檬味糖果.jpg,coated
train,dataset\coated\644_奥利奥.jpg,coated
train,dataset\coated\235_巧乐兹雪糕.jpg,coated
train,dataset\coated\965_咖啡牛奶.jpg,coated
train,dataset\coated\705_雀巢咖啡.jpg,coated
train,dataset\coated\355_奶茶味棒棒糖.jpg,coated
train,dataset\non_coated\_336.jpg,non_coated
train,dataset\coated\69_巧克力.jpg,coated
train,dataset\coated\4_杨梅.jpg,coated
train,dataset\non_coated\_225.jpg,non_coated
train,dataset\non_coated\_557.jpg,non_coated
train,dataset\non_coated\_1004.jpg,non_coated
train,dataset\coated\607_小台芒.jpg,coated
train,dataset\non_coated\_950.jpg,non_coated
train,dataset\coated\92_巧克力.jpg,coated
train,dataset\non_coated\_421.jpg,non_coated
train,dataset\non_coated\_126.jpg,non_coated
train,dataset\non_coated\_56.jpg,non_coated
train,dataset\non_coated\_420.jpg,non_coated
train,dataset\non_coated\_332.jpg,non_coated
train,dataset\non_coated\_60.jpg,non_coated
train,dataset\non_coated\_502.jpg,non_coated
train,dataset\non_coated\_153.jpg,non_coated
train,dataset\coated\985_莎布蕾蓝莓味糕点.jpg,coated
train,dataset\coated\71_红心火龙果.jpg,coated
train,dataset\coated\989_蓝莓干.jpg,coated
train,dataset\coated\957_筝筝纸鸢奶茶.jpg,coated
train,dataset\non_coated\_35.jpg,non_coated
train,dataset\coated\966_蓝莓.jpg,coated
train,dataset\coated\912_阿尔卑斯橙子.jpg,coated
train,dataset\coated\545_蓝莓干.jpg,coated
train,dataset\non_coated\_324.jpg,non_coated
train,dataset\non_coated\_318.jpg,non_coated
train,dataset\coated\525_彩虹糖红色.jpg,coated
train,dataset\non_coated\_623.jpg,non_coated
train,dataset\non_coated\_825.jpg,non_coated
train,dataset\coated\944_莎布蕾饼干.jpg,coated
train,dataset\non_coated\_394.jpg,non_coated
train,dataset\coated\639_巧克力牛奶.jpg,coated
train,dataset\non_coated\_722.jpg,non_coated
train,dataset\non_coated\_94.jpg,non_coated
train,dataset\coated\836_橘子.jpg,coated
train,dataset\coated\135_蓝莓蛋糕.jpg,coated
train,dataset\coated\146_橘子.jpg,coated
train,dataset\non_coated\_970.jpg,non_coated
train,dataset\coated\337_巧慕丝黑巧.jpg,coated
train,dataset\non_coated\_299.jpg,non_coated
train,dataset\non_coated\_561.jpg,non_coated
train,dataset\non_coated\_789.jpg,non_coated
train,dataset\non_coated\_922.jpg,non_coated
train,dataset\coated\752_黑糖话梅.jpg,coated
train,dataset\non_coated\_988.jpg,non_coated
train,dataset\coated\601_砂糖桔.jpg,coated
train,dataset\coated\971_茶颜悦色奶茶.jpg,coated
train,dataset\coated\820_黑芝麻糊.jpg,coated
train,dataset\non_coated\_977.jpg,non_coated
train,dataset\coated\788_橙子.jpg,coated
train,dataset\coated\634_黑莓.jpg,coated
train,dataset\coated\671_黑芝麻丸子.jpg,coated
train,dataset\non_coated\_81.jpg,non_coated
train,dataset\coated\733_阿尔卑斯橙子.jpg,coated
train,dataset\coated\801_黑莓.jpg,coated
train,dataset\coated\5_杨梅.jpg,coated
train,dataset\non_coated\_765.jpg,non_coated
train,dataset\coated\511_莎布蕾咖啡味饼干.jpg,coated
train,dataset\coated\667_黑巧.jpg,coated
train,dataset\non_coated\_581.jpg,non_coated
train,dataset\non_coated\_1.jpg,non_coated
train,dataset\non_coated\_994.jpg,non_coated
train,dataset\non_coated\_237.jpg,non_coated
train,dataset\coated\840_蓝莓干.jpg,coated
train,dataset\non_coated\_578.jpg,non_coated
train,dataset\coated\94_彩虹糖.jpg,coated
train,dataset\non_coated\_496.jpg,non_coated
train,dataset\coated\565_蓝莓.jpg,coated
train,dataset\coated\623_香飘飘奶茶.jpg,coated
train,dataset\non_coated\_928.jpg,non_coated
train,dataset\coated\444_橘子.jpg,coated
train,dataset\coated\191_芒果.jpg,coated
train,dataset\coated\319_莎布蕾饼干.jpg,coated
train,dataset\non_coated\_473.jpg,non_coated
train,dataset\coated\978_椰汁.jpg,coated
train,dataset\coated\304_橘子.jpg,coated
train,dataset\non_coated\_164.jpg,non_coated
train,dataset\non_coated\_334.jpg,non_coated
train,dataset\coated\936_芒果.jpg,coated
train,dataset\non_coated\_617.jpg,non_coated
train,dataset\coated\223_椰子灰冰淇淋.jpg,coated
train,dataset\coated\594_金桔盐金枣.jpg,coated
train,dataset\non_coated\_915.jpg,non_coated
train,dataset\non_coated\_29.jpg,non_coated
train,dataset\coated\661_黑葡提.jpg,coated
train,dataset\coated\118_彩虹糖.jpg,coated
train,dataset\coated\328_黑葡提.jpg,coated
train,dataset\non_coated\_385.jpg,non_coated
train,dataset\coated\75_可口可乐.jpg,coated
train,dataset\non_coated\_95.jpg,non_coated
train,dataset\coated\215_巧克力.jpg,coated
train,dataset\non_coated\_331.jpg,non_coated
train,dataset\coated\456_黑莓.jpg,coated
train,dataset\coated\777_彩虹糖橙色.jpg,coated
train,dataset\non_coated\_383.jpg,non_coated
train,dataset\non_coated\_989.jpg,non_coated
train,dataset\coated\176_芒果.jpg,coated
train,dataset\non_coated\_568.jpg,non_coated
train,dataset\coated\604_奥利奥饼干.jpg,coated
train,dataset\non_coated\_224.jpg,non_coated
train,dataset\coated\950_兔子奶油蛋糕.jpg,coated
train,dataset\coated\977_椰汁.jpg,coated
train,dataset\coated\53_橙子.jpg,coated
train,dataset\coated\896_小台芒.jpg,coated
train,dataset\non_coated\_660.jpg,non_coated
train,dataset\non_coated\_74.jpg,non_coated
train,dataset\non_coated\_329.jpg,non_coated
train,dataset\coated\17_橙子.jpg,coated
train,dataset\coated\739_不二家可乐糖.jpg,coated
train,dataset\coated\862_木瓜.jpg,coated
train,dataset\coated\558_彩虹糖咖色.jpg,coated
train,dataset\non_coated\_207.jpg,non_coated
train,dataset\coated\378_金桔盐金枣.jpg,coated
train,dataset\non_coated\_343.jpg,non_coated
train,dataset\coated\945_莎布蕾巧克力.jpg,coated
train,dataset\non_coated\_673.jpg,non_coated
train,dataset\non_coated\_55.jpg,non_coated
train,dataset\coated\184_橙子味棒棒糖.jpg,coated
train,dataset\coated\157_橙汁.jpg,coated
train,dataset\coated\515_加州西梅.jpg,coated
train,dataset\coated\618_芒果.jpg,coated
train,dataset\non_coated\_940.jpg,non_coated
train,dataset\non_coated\_812.jpg,non_coated
train,dataset\non_coated\_960.jpg,non_coated
train,dataset\coated\415_奥利奥饼干原味.jpg,coated
train,dataset\non_coated\_647.jpg,non_coated
train,dataset\coated\293_芬达.jpg,coated
train,dataset\coated\99_橙子.jpg,coated
train,dataset\coated\550_台式梅肉.jpg,coated
train,dataset\non_coated\_688.jpg,non_coated
train,dataset\non_coated\_172.jpg,non_coated
train,dataset\non_coated\_600.jpg,non_coated
train,dataset\coated\750_沙糖桔.jpg,coated
train,dataset\non_coated\_194.jpg,non_coated
train,dataset\non_coated\_555.jpg,non_coated
train,dataset\non_coated\_787.jpg,non_coated
train,dataset\coated\652_彩虹糖红色.jpg,coated
train,dataset\non_coated\_310.jpg,non_coated
train,dataset\coated\498_奥利奥原味饼干.jpg,coated
train,dataset\non_coated\_495.jpg,non_coated
train,dataset\coated\130_草莓糖.jpg,coated
train,dataset\coated\636_黑莓.jpg,coated
train,dataset\non_coated\_108.jpg,non_coated
train,dataset\non_coated\_251.jpg,non_coated
train,dataset\coated\426_黑芝麻糊.jpg,coated
train,dataset\non_coated\_79.jpg,non_coated
train,dataset\non_coated\_835.jpg,non_coated
train,dataset\non_coated\_531.jpg,non_coated
train,dataset\non_coated\_792.jpg,non_coated
train,dataset\coated\533_黑莓.jpg,coated
train,dataset\coated\226_椰子灰冰淇淋.jpg,coated
train,dataset\coated\127_蛋黄.jpg,coated
train,dataset\coated\290_豆浆.jpg,coated
train,dataset\coated\234_黄色彩虹糖.jpg,coated
train,dataset\non_coated\_777.jpg,non_coated
train,dataset\non_coated\_865.jpg,non_coated
train,dataset\non_coated\_793.jpg,non_coated
train,dataset\non_coated\_135.jpg,non_coated
train,dataset\non_coated\_38.jpg,non_coated
train,dataset\coated\776_彩虹糖橙色.jpg,coated
train,dataset\non_coated\_131.jpg,non_coated
train,dataset\coated\861_木瓜.jpg,coated
train,dataset\coated\236_巧克力.jpg,coated
train,dataset\non_coated\_105.jpg,non_coated
train,dataset\coated\460_黑葡提.jpg,coated
train,dataset\non_coated\_982.jpg,non_coated
train,dataset\non_coated\_121.jpg,non_coated
train,dataset\coated\703_雀巢咖啡.jpg,coated
train,dataset\non_coated\_465.jpg,non_coated
train,dataset\non_coated\_33.jpg,non_coated
train,dataset\coated\391_苏卡咖啡.jpg,coated
train,dataset\coated\316_桑葚.jpg,coated
train,dataset\coated\952_香飘飘奶茶原.jpg,coated
train,dataset\non_coated\_40.jpg,non_coated
train,dataset\coated\317_桑葚.jpg,coated
train,dataset\coated\446_芒果.jpg,coated
train,dataset\non_coated\_768.jpg,non_coated
train,dataset\non_coated\_862.jpg,non_coated
train,dataset\non_coated\_333.jpg,non_coated
train,dataset\non_coated\_482.jpg,non_coated
train,dataset\non_coated\_175.jpg,non_coated
train,dataset\non_coated\_476.jpg,non_coated
train,dataset\coated\427_蓝莓干.jpg,coated
train,dataset\coated\856_麻辣烫.jpg,coated
train,dataset\coated\105_蓝莓果酱.jpg,coated
train,dataset\non_coated\_449.jpg,non_coated
train,dataset\coated\375_砂糖桔.jpg,coated
train,dataset\coated\650_百事可乐.jpg,coated
train,dataset\non_coated\_668.jpg,non_coated
train,dataset\non_coated\_863.jpg,non_coated
train,dataset\non_coated\_491.jpg,non_coated
train,dataset\non_coated\_601.jpg,non_coated
train,dataset\coated\603_奥利奥饼干.jpg,coated
train,dataset\non_coated\_110.jpg,non_coated
train,dataset\coated\78_芒果.jpg,coated
train,dataset\coated\365_美乐笛棒糖.jpg,coated
train,dataset\coated\901_阳光西梅干.jpg,coated
train,dataset\coated\568_蓝莓干.jpg,coated
train,dataset\non_coated\_820.jpg,non_coated
train,dataset\coated\668_黑巧.jpg,coated
train,dataset\coated\367_咖啡牛奶.jpg,coated
train,dataset\coated\372_蓝莓.jpg,coated
train,dataset\coated\798_黑莓.jpg,coated
train,dataset\coated\572_巧慕丝.jpg,coated
train,dataset\coated\277_椰子灰冰淇淋.jpg,coated
train,dataset\non_coated\_500.jpg,non_coated
train,dataset\non_coated\_141.jpg,non_coated
train,dataset\coated\360_百醇巧克力.jpg,coated
train,dataset\non_coated\_372.jpg,non_coated
train,dataset\non_coated\_395.jpg,non_coated
train,dataset\non_coated\_400.jpg,non_coated
train,dataset\non_coated\_147.jpg,non_coated
train,dataset\non_coated\_201.jpg,non_coated
train,dataset\coated\835_橘子.jpg,coated
train,dataset\non_coated\_102.jpg,non_coated
train,dataset\coated\201_红心火龙果.jpg,coated
train,dataset\coated\420_特浓咖啡.jpg,coated
train,dataset\coated\363_美乐笛棒糖.jpg,coated
train,dataset\non_coated\_761.jpg,non_coated
train,dataset\coated\549_小台芒.jpg,coated
train,dataset\non_coated\_967.jpg,non_coated
train,dataset\non_coated\_747.jpg,non_coated
train,dataset\coated\106_橙子味糖果.jpg,coated
train,dataset\non_coated\_481.jpg,non_coated
train,dataset\non_coated\_295.jpg,non_coated
train,dataset\coated\724_香飘飘奶茶.jpg,coated
train,dataset\non_coated\_620.jpg,non_coated
train,dataset\non_coated\_731.jpg,non_coated
train,dataset\coated\40_芒果.jpg,coated
train,dataset\coated\171_彩虹糖.jpg,coated
train,dataset\coated\818_黑巧.jpg,coated
train,dataset\coated\79_红心火龙果.jpg,coated
train,dataset\coated\584_奥利奥.jpg,coated
train,dataset\coated\757_苏卡特浓咖啡.jpg,coated
train,dataset\non_coated\_806.jpg,non_coated
train,dataset\coated\218_橘子味芬达.jpg,coated
train,dataset\non_coated\_539.jpg,non_coated
train,dataset\coated\13_台式梅肉.jpg,coated
train,dataset\non_coated\_877.jpg,non_coated
train,dataset\non_coated\_58.jpg,non_coated
train,dataset\coated\980_椰汁.jpg,coated
train,dataset\coated\147_红色火龙果.jpg,coated
train,dataset\coated\578_杨梅果.jpg,coated
train,dataset\non_coated\_407.jpg,non_coated
train,dataset\non_coated\_486.jpg,non_coated
train,dataset\coated\110_芒果.jpg,coated
train,dataset\non_coated\_798.jpg,non_coated
train,dataset\non_coated\_213.jpg,non_coated
train,dataset\non_coated\_867.jpg,non_coated
train,dataset\non_coated\_205.jpg,non_coated
train,dataset\non_coated\_405.jpg,non_coated
train,dataset\non_coated\_297.jpg,non_coated
train,dataset\coated\16_彩虹糖.jpg,coated
train,dataset\coated\343_黑莓.jpg,coated
train,dataset\coated\45_橙子.jpg,coated
train,dataset\coated\371_蓝莓.jpg,coated
train,dataset\coated\141_巧克力.jpg,coated
train,dataset\non_coated\_152.jpg,non_coated
train,dataset\coated\87_彩虹糖.jpg,coated
train,dataset\non_coated\_718.jpg,non_coated
train,dataset\coated\120_蛋黄.jpg,coated
train,dataset\coated\136_橘子味糖果.jpg,coated
train,dataset\coated\640_杨梅姜.jpg,coated
train,dataset\coated\121_橘子味糖果.jpg,coated
train,dataset\non_coated\_520.jpg,non_coated
train,dataset\coated\88_红心火龙果.jpg,coated
train,dataset\non_coated\_703.jpg,non_coated
train,dataset\non_coated\_926.jpg,non_coated
train,dataset\coated\934_卡士蛋白酸奶.jpg,coated
train,dataset\coated\666_黑巧.jpg,coated
train,dataset\non_coated\_857.jpg,non_coated
train,dataset\non_coated\_281.jpg,non_coated
train,dataset\non_coated\_993.jpg,non_coated
train,dataset\non_coated\_498.jpg,non_coated
train,dataset\non_coated\_301.jpg,non_coated
train,dataset\non_coated\_330.jpg,non_coated
train,dataset\coated\194_金嗓子润喉糖.jpg,coated
train,dataset\coated\408_黑葡提.jpg,coated
train,dataset\coated\354_奶茶味棒棒糖.jpg,coated
train,dataset\non_coated\_177.jpg,non_coated
train,dataset\non_coated\_435.jpg,non_coated
train,dataset\non_coated\_657.jpg,non_coated
train,dataset\non_coated\_112.jpg,non_coated
train,dataset\non_coated\_911.jpg,non_coated
train,dataset\coated\199_蜂蜜.jpg,coated
train,dataset\non_coated\_71.jpg,non_coated
train,dataset\coated\188_巧克力.jpg,coated
train,dataset\non_coated\_423.jpg,non_coated
train,dataset\non_coated\_41.jpg,non_coated
train,dataset\coated\116_巧克力.jpg,coated
train,dataset\non_coated\_7.jpg,non_coated
train,dataset\non_coated\_834.jpg,non_coated
train,dataset\coated\72_芒果.jpg,coated
train,dataset\coated\433_巧克力牛奶.jpg,coated
train,dataset\coated\911_阿尔卑斯橙子.jpg,coated
train,dataset\coated\231_德芙巧克力.jpg,coated
train,dataset\coated\847_蓝莓干.jpg,coated
train,dataset\non_coated\_682.jpg,non_coated
train,dataset\coated\824_黑芝麻丸子.jpg,coated
train,dataset\coated\396_蓝莓.jpg,coated
train,dataset\coated\663_黑葡提.jpg,coated
train,dataset\coated\769_百醇巧克力.jpg,coated
train,dataset\coated\902_椰丝冻.jpg,coated
train,dataset\coated\493_不二家牛奶糖.jpg,coated
train,dataset\non_coated\_322.jpg,non_coated
train,dataset\coated\303_红心火龙果.jpg,coated
train,dataset\non_coated\_188.jpg,non_coated
train,dataset\coated\737_不二家可乐糖.jpg,coated
train,dataset\non_coated\_312.jpg,non_coated
train,dataset\non_coated\_745.jpg,non_coated
train,dataset\coated\672_金桔盐金枣.jpg,coated
train,dataset\coated\814_黑葡提干.jpg,coated
train,dataset\coated\14_紫薯.jpg,coated
train,dataset\non_coated\_27.jpg,non_coated
train,dataset\coated\22_黑巧.jpg,coated
train,dataset\non_coated\_680.jpg,non_coated
train,dataset\coated\858_蒙牛酸奶.jpg,coated
train,dataset\non_coated\_762.jpg,non_coated
train,dataset\non_coated\_22.jpg,non_coated
train,dataset\coated\995_不二家咖色糖.jpg,coated
train,dataset\non_coated\_814.jpg,non_coated
train,dataset\non_coated\_375.jpg,non_coated
train,dataset\coated\340_黑莓.jpg,coated
train,dataset\coated\857_麻辣烫.jpg,coated
train,dataset\coated\418_蒙牛酸奶.jpg,coated
train,dataset\coated\310_木瓜.jpg,coated
train,dataset\non_coated\_171.jpg,non_coated
train,dataset\coated\763_耙耙柑.jpg,coated
train,dataset\non_coated\_87.jpg,non_coated
train,dataset\non_coated\_823.jpg,non_coated
train,dataset\non_coated\_904.jpg,non_coated
train,dataset\coated\395_蓝莓.jpg,coated
train,dataset\non_coated\_291.jpg,non_coated
train,dataset\coated\712_莎布蕾饼干.jpg,coated
train,dataset\non_coated\_323.jpg,non_coated
train,dataset\coated\969_茶颜悦色奶茶.jpg,coated
train,dataset\non_coated\_936.jpg,non_coated
train,dataset\coated\654_彩虹糖黄色.jpg,coated
train,dataset\non_coated\_45.jpg,non_coated
train,dataset\coated\932_卡士蛋白酸奶.jpg,coated
train,dataset\coated\517_法丽兹冰淇淋味饼干.jpg,coated
train,dataset\non_coated\_11.jpg,non_coated
train,dataset\coated\140_泡腾片.jpg,coated
train,dataset\non_coated\_326.jpg,non_coated
train,dataset\non_coated\_767.jpg,non_coated
train,dataset\coated\907_椰汁.jpg,coated
train,dataset\non_coated\_571.jpg,non_coated
train,dataset\non_coated\_392.jpg,non_coated
train,dataset\coated\844_蓝莓干.jpg,coated
train,dataset\coated\376_金桔盐金枣.jpg,coated
train,dataset\non_coated\_540.jpg,non_coated
train,dataset\coated\884_苏卡蓝山.jpg,coated
train,dataset\non_coated\_266.jpg,non_coated
train,dataset\coated\217_橘子味糖果.jpg,coated
train,dataset\non_coated\_818.jpg,non_coated
train,dataset\coated\54_橙子糖果.jpg,coated
train,dataset\non_coated\_827.jpg,non_coated
train,dataset\non_coated\_209.jpg,non_coated
train,dataset\coated\851_蓝山咖啡.jpg,coated
train,dataset\coated\25_橙子味糖果.jpg,coated
train,dataset\non_coated\_965.jpg,non_coated
train,dataset\coated\259_橘子味糖果.jpg,coated
train,dataset\non_coated\_80.jpg,non_coated
train,dataset\non_coated\_547.jpg,non_coated
train,dataset\coated\793_豆浆.jpg,coated
train,dataset\non_coated\_790.jpg,non_coated
train,dataset\non_coated\_714.jpg,non_coated
train,dataset\coated\947_莎布蕾巧克力.jpg,coated
train,dataset\non_coated\_786.jpg,non_coated
train,dataset\non_coated\_308.jpg,non_coated
train,dataset\non_coated\_365.jpg,non_coated
train,dataset\non_coated\_361.jpg,non_coated
train,dataset\non_coated\_125.jpg,non_coated
train,dataset\non_coated\_233.jpg,non_coated
train,dataset\non_coated\_349.jpg,non_coated
train,dataset\non_coated\_212.jpg,non_coated
train,dataset\coated\782_彩虹糖咖色.jpg,coated
train,dataset\non_coated\_754.jpg,non_coated
train,dataset\non_coated\_122.jpg,non_coated
train,dataset\non_coated\_49.jpg,non_coated
train,dataset\coated\388_金桔盐金枣.jpg,coated
train,dataset\coated\169_巧克力.jpg,coated
train,dataset\coated\224_椰子灰冰淇淋.jpg,coated
train,dataset\coated\574_巧慕丝.jpg,coated
train,dataset\coated\400_蓝莓干.jpg,coated
train,dataset\coated\161_香飘飘奶茶.jpg,coated
train,dataset\non_coated\_508.jpg,non_coated
train,dataset\non_coated\_14.jpg,non_coated
train,dataset\coated\821_黑芝麻糊.jpg,coated
train,dataset\coated\434_巧克力牛奶.jpg,coated
train,dataset\coated\381_黑巧.jpg,coated
train,dataset\coated\869_桑葚.jpg,coated
train,dataset\coated\114_芒果.jpg,coated
train,dataset\non_coated\_544.jpg,non_coated
train,dataset\coated\941_莎布蕾饼干.jpg,coated
train,dataset\non_coated\_461.jpg,non_coated
train,dataset\non_coated\_270.jpg,non_coated
train,dataset\coated\728_榛果味咖啡.jpg,coated
train,dataset\non_coated\_853.jpg,non_coated
train,dataset\coated\57_蓝莓3.jpg,coated
train,dataset\non_coated\_529.jpg,non_coated
train,dataset\non_coated\_85.jpg,non_coated
train,dataset\coated\916_不二葡萄棒糖.jpg,coated
train,dataset\non_coated\_730.jpg,non_coated
train,dataset\coated\386_苏卡咖啡.jpg,coated
train,dataset\coated\872_沙糖桔.jpg,coated
train,dataset\coated\863_木瓜.jpg,coated
train,dataset\coated\18_橙子.jpg,coated
train,dataset\non_coated\_1001.jpg,non_coated
train,dataset\coated\692_蓝莓干.jpg,coated
train,dataset\non_coated\_711.jpg,non_coated
train,dataset\non_coated\_943.jpg,non_coated
train,dataset\non_coated\_497.jpg,non_coated
train,dataset\non_coated\_545.jpg,non_coated
train,dataset\coated\571_芒果.jpg,coated
train,dataset\non_coated\_966.jpg,non_coated
train,dataset\coated\838_蓝莓.jpg,coated
train,dataset\coated\197_红心火龙果.jpg,coated
train,dataset\coated\464_小台芒.jpg,coated
train,dataset\non_coated\_1006.jpg,non_coated
train,dataset\non_coated\_162.jpg,non_coated
train,dataset\coated\713_莎布蕾饼干.jpg,coated
train,dataset\coated\158_蓝莓蛋糕.jpg,coated
train,dataset\coated\701_巧慕斯黑巧.jpg,coated
train,dataset\non_coated\_443.jpg,non_coated
train,dataset\non_coated\_484.jpg,non_coated
train,dataset\non_coated\_947.jpg,non_coated
train,dataset\coated\332_芒果.jpg,coated
train,dataset\non_coated\_910.jpg,non_coated
train,dataset\non_coated\_917.jpg,non_coated
train,dataset\coated\423_法丽兹饼干.jpg,coated
train,dataset\non_coated\_890.jpg,non_coated
train,dataset\coated\815_黑葡提干.jpg,coated
train,dataset\coated\968_蓝莓.jpg,coated
train,dataset\non_coated\_48.jpg,non_coated
train,dataset\coated\805_黑葡提.jpg,coated
train,dataset\coated\475_莎布蕾咖啡味饼干.jpg,coated
train,dataset\non_coated\_70.jpg,non_coated
train,dataset\non_coated\_23.jpg,non_coated
train,dataset\non_coated\_816.jpg,non_coated
train,dataset\coated\441_黑葡提.jpg,coated
train,dataset\coated\476_咖啡牛奶.jpg,coated
train,dataset\coated\409_黑葡提.jpg,coated
train,dataset\coated\144_牛奶.jpg,coated
train,dataset\coated\956_脏脏软曲奇.jpg,coated
train,dataset\non_coated\_879.jpg,non_coated
train,dataset\coated\404_芒果.jpg,coated
train,dataset\coated\138_彩虹糖.jpg,coated
train,dataset\coated\357_雀巢速溶咖啡.jpg,coated
train,dataset\non_coated\_670.jpg,non_coated
train,dataset\coated\606_小台芒.jpg,coated
train,dataset\non_coated\_255.jpg,non_coated
train,dataset\non_coated\_685.jpg,non_coated
train,dataset\non_coated\_273.jpg,non_coated
train,dataset\coated\424_黑芝麻糊.jpg,coated
train,dataset\non_coated\_634.jpg,non_coated
train,dataset\coated\462_蓝莓干.jpg,coated
train,dataset\non_coated\_9.jpg,non_coated
train,dataset\non_coated\_517.jpg,non_coated
train,dataset\non_coated\_741.jpg,non_coated
train,dataset\coated\47_巧克力.jpg,coated
train,dataset\non_coated\_18.jpg,non_coated
train,dataset\non_coated\_292.jpg,non_coated
train,dataset\coated\274_咖啡味牛奶.jpg,coated
train,dataset\non_coated\_75.jpg,non_coated
train,dataset\coated\983_娱悦椰奶咖啡棒.jpg,coated
train,dataset\non_coated\_631.jpg,non_coated
train,dataset\coated\991_苏卡咖啡.jpg,coated
train,dataset\coated\741_蓝山咖啡.jpg,coated
train,dataset\coated\19_巧克力.jpg,coated
train,dataset\coated\825_黑芝麻丸子.jpg,coated
train,dataset\non_coated\_351.jpg,non_coated
train,dataset\coated\722_特浓咖啡.jpg,coated
train,dataset\coated\417_蒙牛酸奶.jpg,coated
train,dataset\coated\104_杨梅.jpg,coated
train,dataset\coated\556_奥利奥.jpg,coated
train,dataset\coated\145_彩虹糖.jpg,coated
train,dataset\coated\198_芒果.jpg,coated
train,dataset\non_coated\_636.jpg,non_coated
train,dataset\coated\425_黑芝麻糊.jpg,coated
train,dataset\non_coated\_681.jpg,non_coated
train,dataset\coated\770_百醇巧克力.jpg,coated
train,dataset\non_coated\_632.jpg,non_coated
train,dataset\coated\849_蓝山咖啡.jpg,coated
train,dataset\coated\27_彩虹糖.jpg,coated
train,dataset\non_coated\_430.jpg,non_coated
train,dataset\non_coated\_358.jpg,non_coated
train,dataset\non_coated\_480.jpg,non_coated
train,dataset\coated\710_桑葚.jpg,coated
train,dataset\coated\401_奥利奥饼干.jpg,coated
train,dataset\coated\804_黑葡提.jpg,coated
train,dataset\coated\238_芬达汽水.jpg,coated
train,dataset\coated\31_芒果.jpg,coated
train,dataset\non_coated\_248.jpg,non_coated
train,dataset\coated\727_香飘原味.jpg,coated
train,dataset\non_coated\_956.jpg,non_coated
train,dataset\non_coated\_624.jpg,non_coated
train,dataset\coated\611_金桔盐金枣.jpg,coated
train,dataset\non_coated\_725.jpg,non_coated
train,dataset\coated\785_彩虹糖绿色.jpg,coated
train,dataset\non_coated\_258.jpg,non_coated
train,dataset\non_coated\_364.jpg,non_coated
train,dataset\coated\811_黑葡提干.jpg,coated
train,dataset\non_coated\_750.jpg,non_coated
train,dataset\coated\512_莎布蕾咖啡味饼干.jpg,coated
train,dataset\non_coated\_580.jpg,non_coated
train,dataset\coated\524_彩虹糖红色.jpg,coated
train,dataset\coated\23_蓝莓干.jpg,coated
train,dataset\non_coated\_457.jpg,non_coated
train,dataset\non_coated\_15.jpg,non_coated
train,dataset\non_coated\_413.jpg,non_coated
train,dataset\non_coated\_434.jpg,non_coated
train,dataset\coated\119_彩虹糖.jpg,coated
train,dataset\coated\747_苏卡特浓咖啡.jpg,coated
train,dataset\non_coated\_401.jpg,non_coated
train,dataset\coated\117_巧克力.jpg,coated
train,dataset\coated\9_悦鲜活牛奶.jpg,coated
train,dataset\coated\846_蓝莓干.jpg,coated
train,dataset\coated\210_芒果.jpg,coated
train,dataset\non_coated\_4.jpg,non_coated
train,dataset\non_coated\_167.jpg,non_coated
train,dataset\coated\561_黑提干.jpg,coated
train,dataset\non_coated\_127.jpg,non_coated
train,dataset\coated\642_杨梅姜.jpg,coated
train,dataset\non_coated\_387.jpg,non_coated
train,dataset\non_coated\_612.jpg,non_coated
train,dataset\non_coated\_836.jpg,non_coated
train,dataset\non_coated\_905.jpg,non_coated
train,dataset\coated\536_黑葡提.jpg,coated
train,dataset\non_coated\_775.jpg,non_coated
train,dataset\non_coated\_477.jpg,non_coated
train,dataset\coated\175_橘子.jpg,coated
train,dataset\coated\93_彩虹糖.jpg,coated
train,dataset\coated\321_彩虹糖黄色.jpg,coated
train,dataset\non_coated\_919.jpg,non_coated
train,dataset\coated\165_彩虹糖.jpg,coated
train,dataset\coated\807_黑葡提.jpg,coated
train,dataset\coated\581_香飘飘奶茶.jpg,coated
train,dataset\coated\773_不二棒棒橙.jpg,coated
train,dataset\non_coated\_118.jpg,non_coated
train,dataset\non_coated\_129.jpg,non_coated
train,dataset\non_coated\_987.jpg,non_coated
train,dataset\non_coated\_562.jpg,non_coated
train,dataset\coated\50_巧克力.jpg,coated
train,dataset\non_coated\_181.jpg,non_coated
train,dataset\coated\252_彩虹糖.jpg,coated
train,dataset\coated\242_红心火龙果.jpg,coated
train,dataset\coated\472_莎布蕾咖啡味饼干.jpg,coated
train,dataset\coated\598_百醇巧克力.jpg,coated
train,dataset\non_coated\_712.jpg,non_coated
train,dataset\coated\86_彩虹糖.jpg,coated
train,dataset\coated\56_红心火龙果2.jpg,coated
train,dataset\non_coated\_618.jpg,non_coated
train,dataset\non_coated\_927.jpg,non_coated
train,dataset\non_coated\_268.jpg,non_coated
train,dataset\non_coated\_515.jpg,non_coated
train,dataset\non_coated\_576.jpg,non_coated
train,dataset\coated\344_奥利奥.jpg,coated
train,dataset\coated\91_咖啡.jpg,coated
train,dataset\non_coated\_390.jpg,non_coated
train,dataset\coated\65_蛋黄.jpg,coated
train,dataset\non_coated\_379.jpg,non_coated
train,dataset\non_coated\_980.jpg,non_coated
train,dataset\non_coated\_695.jpg,non_coated
train,dataset\coated\459_黑葡提.jpg,coated
train,dataset\non_coated\_203.jpg,non_coated
train,dataset\coated\501_牛奶.jpg,coated
train,dataset\non_coated\_945.jpg,non_coated
train,dataset\coated\233_芬达汽水.jpg,coated
train,dataset\coated\637_话梅.jpg,coated
train,dataset\coated\962_法丽兹冰淇淋.jpg,coated
train,dataset\non_coated\_26.jpg,non_coated
train,dataset\non_coated\_962.jpg,non_coated
train,dataset\non_coated\_691.jpg,non_coated
train,dataset\coated\796_橙味芬达.jpg,coated
train,dataset\non_coated\_455.jpg,non_coated
train,dataset\coated\95_彩虹糖.jpg,coated
train,dataset\non_coated\_516.jpg,non_coated
train,dataset\non_coated\_627.jpg,non_coated
train,dataset\coated\628_巧慕丝.jpg,coated
train,dataset\coated\918_彩虹糖橙色.jpg,coated
train,dataset\coated\695_蓝莓干.jpg,coated
train,dataset\coated\450_法丽兹草莓味.jpg,coated
train,dataset\non_coated\_190.jpg,non_coated
train,dataset\non_coated\_655.jpg,non_coated
train,dataset\coated\877_莎布蕾饼干.jpg,coated
train,dataset\non_coated\_267.jpg,non_coated
train,dataset\coated\82_彩虹糖.jpg,coated
train,dataset\coated\350_莎布蕾咖啡味饼干.jpg,coated
train,dataset\coated\541_金桔盐金枣.jpg,coated
train,dataset\coated\547_小台芒.jpg,coated
train,dataset\non_coated\_719.jpg,non_coated
train,dataset\non_coated\_66.jpg,non_coated
train,dataset\coated\410_小台芒.jpg,coated
train,dataset\coated\909_玉米汁.jpg,coated
train,dataset\coated\531_原味牛奶.jpg,coated
train,dataset\coated\98_巧克力.jpg,coated
train,dataset\coated\356_雀巢速溶咖啡.jpg,coated
train,dataset\non_coated\_260.jpg,non_coated
train,dataset\coated\167_橙子.jpg,coated
train,dataset\coated\261_咖啡.jpg,coated
train,dataset\coated\46_抹茶冰淇淋.jpg,coated
train,dataset\coated\720_特浓咖啡.jpg,coated
train,dataset\coated\445_橘子.jpg,coated
train,dataset\non_coated\_892.jpg,non_coated
train,dataset\non_coated\_499.jpg,non_coated
train,dataset\coated\789_橙子.jpg,coated
train,dataset\non_coated\_381.jpg,non_coated
train,dataset\non_coated\_692.jpg,non_coated
train,dataset\coated\440_黑葡提.jpg,coated
train,dataset\coated\241_巧克力冰淇淋.jpg,coated
train,dataset\coated\281_橙子味糖果.jpg,coated
train,dataset\non_coated\_804.jpg,non_coated
train,dataset\coated\716_莎布蕾饼干.jpg,coated
train,dataset\coated\484_黑葡提.jpg,coated
train,dataset\non_coated\_930.jpg,non_coated
train,dataset\coated\276_彩虹糖.jpg,coated
train,dataset\coated\686_卡士酸奶.jpg,coated
train,dataset\coated\174_咖啡味糖果糖.jpg,coated
train,dataset\non_coated\_593.jpg,non_coated
train,dataset\non_coated\_371.jpg,non_coated
train,dataset\coated\645_奥利奥.jpg,coated
train,dataset\coated\963_咖啡牛奶.jpg,coated
train,dataset\non_coated\_709.jpg,non_coated
train,dataset\non_coated\_808.jpg,non_coated
train,dataset\coated\852_蓝山咖啡.jpg,coated
train,dataset\coated\694_蓝莓干.jpg,coated
train,dataset\coated\73_橙子味芬达.jpg,coated
train,dataset\coated\876_砂糖桔.jpg,coated
train,dataset\coated\499_牛奶.jpg,coated
train,dataset\coated\308_芒果.jpg,coated
train,dataset\coated\125_彩虹糖.jpg,coated
train,dataset\non_coated\_65.jpg,non_coated
train,dataset\non_coated\_665.jpg,non_coated
train,dataset\coated\779_彩虹糖黄色.jpg,coated
train,dataset\non_coated\_230.jpg,non_coated
train,dataset\coated\339_黑莓.jpg,coated
train,dataset\non_coated\_287.jpg,non_coated
train,dataset\non_coated\_245.jpg,non_coated
train,dataset\non_coated\_242.jpg,non_coated
train,dataset\non_coated\_776.jpg,non_coated
train,dataset\non_coated\_594.jpg,non_coated
train,dataset\coated\526_黑巧.jpg,coated
train,dataset\coated\504_巧克力棒.jpg,coated
train,dataset\non_coated\_783.jpg,non_coated
train,dataset\coated\731_阿尔卑斯橙子.jpg,coated
train,dataset\non_coated\_666.jpg,non_coated
train,dataset\non_coated\_584.jpg,non_coated
train,dataset\coated\635_黑莓.jpg,coated
train,dataset\non_coated\_622.jpg,non_coated
train,dataset\non_coated\_870.jpg,non_coated
train,dataset\coated\742_蓝山咖啡.jpg,coated
train,dataset\non_coated\_359.jpg,non_coated
train,dataset\coated\202_橘子.jpg,coated
train,dataset\coated\221_椰子灰冰淇淋.jpg,coated
train,dataset\non_coated\_732.jpg,non_coated
train,dataset\coated\697_蓝山咖啡.jpg,coated
train,dataset\non_coated\_257.jpg,non_coated
train,dataset\non_coated\_151.jpg,non_coated
train,dataset\non_coated\_838.jpg,non_coated
train,dataset\coated\538_黑葡提干.jpg,coated
train,dataset\non_coated\_609.jpg,non_coated
train,dataset\non_coated\_280.jpg,non_coated
train,dataset\non_coated\_475.jpg,non_coated
train,dataset\non_coated\_234.jpg,non_coated
train,dataset\non_coated\_426.jpg,non_coated
train,dataset\non_coated\_832.jpg,non_coated
train,dataset\non_coated\_590.jpg,non_coated
train,dataset\non_coated\_519.jpg,non_coated
train,dataset\coated\975_椰汁.jpg,coated
train,dataset\non_coated\_619.jpg,non_coated
train,dataset\coated\979_椰汁.jpg,coated
train,dataset\coated\195_桑葚.jpg,coated
train,dataset\non_coated\_991.jpg,non_coated
train,dataset\coated\664_黑葡提.jpg,coated
train,dataset\coated\250_彩虹糖.jpg,coated
train,dataset\coated\228_彩虹糖.jpg,coated
train,dataset\non_coated\_300.jpg,non_coated
train,dataset\non_coated\_415.jpg,non_coated
train,dataset\non_coated\_354.jpg,non_coated
train,dataset\coated\377_金桔盐金枣.jpg,coated
train,dataset\coated\500_牛奶.jpg,coated
train,dataset\non_coated\_380.jpg,non_coated
train,dataset\coated\626_芬达葡萄味.jpg,coated
train,dataset\non_coated\_370.jpg,non_coated
train,dataset\coated\914_不二葡萄棒糖.jpg,coated
train,dataset\coated\170_彩虹糖.jpg,coated
train,dataset\coated\994_不二家咖色糖.jpg,coated
train,dataset\coated\646_奥利奥.jpg,coated
train,dataset\non_coated\_629.jpg,non_coated
train,dataset\coated\382_蓝莓.jpg,coated
train,dataset\coated\774_不二棒棒橙.jpg,coated
train,dataset\non_coated\_824.jpg,non_coated
train,dataset\coated\232_德芙巧克力.jpg,coated
train,dataset\non_coated\_133.jpg,non_coated
train,dataset\non_coated\_944.jpg,non_coated
train,dataset\non_coated\_236.jpg,non_coated
train,dataset\non_coated\_700.jpg,non_coated
train,dataset\coated\353_奶茶味棒棒糖.jpg,coated
train,dataset\coated\322_彩虹糖黄色.jpg,coated
train,dataset\non_coated\_653.jpg,non_coated
train,dataset\non_coated\_963.jpg,non_coated
train,dataset\non_coated\_464.jpg,non_coated
train,dataset\non_coated\_466.jpg,non_coated
train,dataset\coated\220_葡萄味糖.jpg,coated
train,dataset\non_coated\_166.jpg,non_coated
train,dataset\coated\521_不二家香橙味糖.jpg,coated
train,dataset\non_coated\_445.jpg,non_coated
train,dataset\coated\299_黑芝麻糊.jpg,coated
train,dataset\coated\20_奶糖.jpg,coated
train,dataset\coated\264_巧克力.jpg,coated
train,dataset\coated\734_不二橙子.jpg,coated
train,dataset\coated\480_莎布蕾咖啡味饼干.jpg,coated
train,dataset\non_coated\_285.jpg,non_coated
train,dataset\non_coated\_414.jpg,non_coated
train,dataset\coated\258_巧克力.jpg,coated
train,dataset\non_coated\_753.jpg,non_coated
train,dataset\non_coated\_894.jpg,non_coated
train,dataset\coated\97_咖啡.jpg,coated
train,dataset\non_coated\_263.jpg,non_coated
train,dataset\coated\448_芒果.jpg,coated
train,dataset\coated\12_彩虹糖.jpg,coated
train,dataset\coated\803_黑莓.jpg,coated
train,dataset\non_coated\_252.jpg,non_coated
train,dataset\non_coated\_995.jpg,non_coated
train,dataset\coated\837_蓝莓.jpg,coated
train,dataset\non_coated\_283.jpg,non_coated
train,dataset\non_coated\_756.jpg,non_coated
train,dataset\coated\225_橘子味糖果.jpg,coated
train,dataset\non_coated\_946.jpg,non_coated
train,dataset\coated\699_巧慕斯黑巧.jpg,coated
train,dataset\coated\257_咖啡.jpg,coated
train,dataset\coated\795_橙味芬达.jpg,coated
train,dataset\non_coated\_397.jpg,non_coated
train,dataset\coated\416_蒙牛酸奶.jpg,coated
train,dataset\coated\951_香飘飘奶茶原.jpg,coated
train,dataset\coated\684_卡士酸奶.jpg,coated
train,dataset\non_coated\_315.jpg,non_coated
train,dataset\non_coated\_845.jpg,non_coated
train,dataset\coated\309_芒果.jpg,coated
train,dataset\non_coated\_530.jpg,non_coated
train,dataset\coated\108_橙子糖.jpg,coated
train,dataset\coated\523_彩虹糖红色.jpg,coated
train,dataset\non_coated\_115.jpg,non_coated
train,dataset\non_coated\_887.jpg,non_coated
train,dataset\coated\35_橘子.jpg,coated
train,dataset\non_coated\_259.jpg,non_coated
train,dataset\coated\282_黑巧.jpg,coated
train,dataset\coated\822_黑芝麻丸子.jpg,coated
train,dataset\coated\506_桑葚.jpg,coated
train,dataset\non_coated\_21.jpg,non_coated
train,dataset\non_coated\_106.jpg,non_coated
train,dataset\coated\616_芒果.jpg,coated
train,dataset\coated\551_台式梅肉.jpg,coated
train,dataset\non_coated\_888.jpg,non_coated
train,dataset\coated\267_奥利奥饼干.jpg,coated
train,dataset\non_coated\_807.jpg,non_coated
train,dataset\coated\587_奥利奥.jpg,coated
train,dataset\non_coated\_478.jpg,non_coated
train,dataset\coated\816_黑巧.jpg,coated
train,dataset\non_coated\_158.jpg,non_coated
train,dataset\non_coated\_128.jpg,non_coated
train,dataset\coated\583_香飘飘奶茶.jpg,coated
train,dataset\coated\959_筝筝纸鸢奶茶.jpg,coated
train,dataset\non_coated\_661.jpg,non_coated
train,dataset\coated\190_咖啡.jpg,coated
train,dataset\coated\588_黑莓.jpg,coated
train,dataset\coated\730_榛果味咖啡.jpg,coated
train,dataset\coated\882_莎布蕾饼干.jpg,coated
train,dataset\coated\935_芒果.jpg,coated
train,dataset\non_coated\_148.jpg,non_coated
train,dataset\coated\651_彩虹糖红色.jpg,coated
train,dataset\coated\112_巧克力.jpg,coated
train,dataset\non_coated\_176.jpg,non_coated
train,dataset\coated\853_蓝山咖啡.jpg,coated
train,dataset\coated\967_蓝莓.jpg,coated
train,dataset\non_coated\_626.jpg,non_coated
train,dataset\coated\787_彩虹糖绿色.jpg,coated
train,dataset\coated\179_好丽友派.jpg,coated
train,dataset\non_coated\_282.jpg,non_coated
train,dataset\non_coated\_173.jpg,non_coated
train,dataset\non_coated\_83.jpg,non_coated
train,dataset\non_coated\_959.jpg,non_coated
train,dataset\non_coated\_399.jpg,non_coated
train,dataset\non_coated\_925.jpg,non_coated
train,dataset\coated\923_彩虹糖黄色.jpg,coated
train,dataset\non_coated\_882.jpg,non_coated
train,dataset\non_coated\_679.jpg,non_coated
train,dataset\coated\781_彩虹糖黄色.jpg,coated
train,dataset\coated\338_黑莓.jpg,coated
train,dataset\non_coated\_180.jpg,non_coated
train,dataset\coated\387_苏卡咖啡.jpg,coated
train,dataset\coated\665_黑葡提.jpg,coated
train,dataset\non_coated\_860.jpg,non_coated
train,dataset\non_coated\_363.jpg,non_coated
train,dataset\non_coated\_565.jpg,non_coated
train,dataset\coated\780_彩虹糖黄色.jpg,coated
train,dataset\non_coated\_77.jpg,non_coated
train,dataset\non_coated\_198.jpg,non_coated
train,dataset\non_coated\_444.jpg,non_coated
train,dataset\non_coated\_296.jpg,non_coated
train,dataset\non_coated\_59.jpg,non_coated
train,dataset\non_coated\_906.jpg,non_coated
train,dataset\non_coated\_116.jpg,non_coated
train,dataset\non_coated\_923.jpg,non_coated
train,dataset\coated\522_不二家香橙味糖.jpg,coated
train,dataset\coated\358_雀巢速溶咖啡.jpg,coated
train,dataset\non_coated\_850.jpg,non_coated
train,dataset\non_coated\_693.jpg,non_coated
train,dataset\non_coated\_369.jpg,non_coated
train,dataset\non_coated\_253.jpg,non_coated
train,dataset\non_coated\_907.jpg,non_coated
train,dataset\non_coated\_216.jpg,non_coated
train,dataset\coated\481_莎布蕾咖啡味饼干.jpg,coated
train,dataset\non_coated\_309.jpg,non_coated
train,dataset\coated\717_苏卡咖啡.jpg,coated
train,dataset\coated\691_蓝莓干.jpg,coated
train,dataset\coated\520_不二家香橙味糖.jpg,coated
train,dataset\non_coated\_675.jpg,non_coated
train,dataset\non_coated\_196.jpg,non_coated
train,dataset\non_coated\_920.jpg,non_coated
train,dataset\non_coated\_949.jpg,non_coated
train,dataset\non_coated\_404.jpg,non_coated
train,dataset\coated\758_粑粑柑.jpg,coated
train,dataset\coated\389_金桔盐金枣.jpg,coated
train,dataset\coated\753_黑糖话梅.jpg,coated
train,dataset\non_coated\_67.jpg,non_coated
train,dataset\non_coated\_773.jpg,non_coated
train,dataset\coated\808_黑葡提.jpg,coated
train,dataset\non_coated\_902.jpg,non_coated
train,dataset\coated\895_小青芒.jpg,coated
train,dataset\non_coated\_316.jpg,non_coated
train,dataset\coated\992_苏卡咖啡.jpg,coated
train,dataset\non_coated\_249.jpg,non_coated
train,dataset\coated\890_台式梅肉.jpg,coated
train,dataset\non_coated\_999.jpg,non_coated
train,dataset\non_coated\_975.jpg,non_coated
train,dataset\non_coated\_864.jpg,non_coated
train,dataset\non_coated\_182.jpg,non_coated
train,dataset\non_coated\_410.jpg,non_coated
train,dataset\non_coated\_489.jpg,non_coated
train,dataset\non_coated\_432.jpg,non_coated
train,dataset\non_coated\_884.jpg,non_coated
train,dataset\coated\657_黑莓.jpg,coated
train,dataset\non_coated\_377.jpg,non_coated
train,dataset\coated\298_黑巧.jpg,coated
train,dataset\coated\688_蓝莓.jpg,coated
train,dataset\coated\271_橘子味糖果.jpg,coated
train,dataset\non_coated\_512.jpg,non_coated
train,dataset\non_coated\_948.jpg,non_coated
train,dataset\non_coated\_901.jpg,non_coated
train,dataset\coated\929_红心火龙果.jpg,coated
train,dataset\coated\883_苏卡蓝山.jpg,coated
train,dataset\non_coated\_42.jpg,non_coated
train,dataset\coated\364_美乐笛棒糖.jpg,coated
train,dataset\coated\263_牛黄解毒片.jpg,coated
train,dataset\non_coated\_100.jpg,non_coated
train,dataset\non_coated\_752.jpg,non_coated
train,dataset\coated\168_橘子.jpg,coated
train,dataset\non_coated\_447.jpg,non_coated
train,dataset\coated\881_莎布蕾饼干.jpg,coated
train,dataset\coated\569_芒果.jpg,coated
train,dataset\coated\503_巧克力棒.jpg,coated
train,dataset\coated\2_舒化无糖牛奶.jpg,coated
train,dataset\coated\873_沙糖桔.jpg,coated
train,dataset\non_coated\_487.jpg,non_coated
train,dataset\non_coated\_981.jpg,non_coated
train,dataset\coated\725_香飘原味.jpg,coated
train,dataset\coated\36_红心火龙果.jpg,coated
train,dataset\coated\405_芒果.jpg,coated
train,dataset\non_coated\_411.jpg,non_coated
train,dataset\non_coated\_979.jpg,non_coated
train,dataset\coated\743_巧克力.jpg,coated
train,dataset\non_coated\_896.jpg,non_coated
train,dataset\non_coated\_828.jpg,non_coated
train,dataset\non_coated\_416.jpg,non_coated
train,dataset\coated\352_莎布蕾咖啡味饼干.jpg,coated
train,dataset\non_coated\_978.jpg,non_coated
train,dataset\non_coated\_376.jpg,non_coated
train,dataset\coated\939_美乐笛棒棒糖.jpg,coated
train,dataset\non_coated\_386.jpg,non_coated
train,dataset\non_coated\_589.jpg,non_coated
train,dataset\coated\595_金桔盐金枣.jpg,coated
train,dataset\non_coated\_319.jpg,non_coated
train,dataset\non_coated\_826.jpg,non_coated
train,dataset\non_coated\_582.jpg,non_coated
train,dataset\non_coated\_406.jpg,non_coated
train,dataset\coated\437_巧慕丝黑巧.jpg,coated
train,dataset\non_coated\_352.jpg,non_coated
train,dataset\coated\439_巧慕丝黑巧.jpg,coated
train,dataset\non_coated\_433.jpg,non_coated
train,dataset\coated\216_椰子灰甜筒.jpg,coated
train,dataset\coated\906_椰汁.jpg,coated
train,dataset\coated\621_台式梅肉.jpg,coated
train,dataset\non_coated\_437.jpg,non_coated
train,dataset\non_coated\_418.jpg,non_coated
train,dataset\coated\320_彩虹糖黄色.jpg,coated
train,dataset\coated\905_椰汁.jpg,coated
train,dataset\non_coated\_261.jpg,non_coated
train,dataset\non_coated\_170.jpg,non_coated
train,dataset\non_coated\_721.jpg,non_coated
train,dataset\non_coated\_244.jpg,non_coated
train,dataset\non_coated\_856.jpg,non_coated
train,dataset\non_coated\_96.jpg,non_coated
train,dataset\coated\80_巧克力.jpg,coated
train,dataset\non_coated\_869.jpg,non_coated
train,dataset\non_coated\_250.jpg,non_coated
train,dataset\non_coated\_852.jpg,non_coated
train,dataset\coated\81_火龙果酸奶.jpg,coated
train,dataset\coated\323_阿麦斯软糖.jpg,coated
train,dataset\coated\585_奥利奥.jpg,coated
train,dataset\coated\718_苏卡咖啡.jpg,coated
train,dataset\non_coated\_494.jpg,non_coated
train,dataset\non_coated\_72.jpg,non_coated
train,dataset\coated\345_奥利奥.jpg,coated
train,dataset\coated\466_小台芒.jpg,coated
train,dataset\coated\530_原味牛奶.jpg,coated
train,dataset\coated\74_红心火龙果.jpg,coated
train,dataset\non_coated\_881.jpg,non_coated
train,dataset\coated\413_奥利奥饼干原味.jpg,coated
train,dataset\coated\314_巧克力.jpg,coated
train,dataset\non_coated\_739.jpg,non_coated
train,dataset\non_coated\_883.jpg,non_coated
train,dataset\non_coated\_442.jpg,non_coated
train,dataset\coated\706_雀巢咖啡.jpg,coated
train,dataset\coated\265_奥利奥饼干.jpg,coated
train,dataset\coated\411_小台芒.jpg,coated
train,dataset\coated\318_沙糖桔.jpg,coated
train,dataset\non_coated\_727.jpg,non_coated
train,dataset\non_coated\_2.jpg,non_coated
train,dataset\non_coated\_317.jpg,non_coated
train,dataset\non_coated\_746.jpg,non_coated
train,dataset\coated\648_百事可乐.jpg,coated
train,dataset\coated\419_特浓咖啡.jpg,coated
train,dataset\coated\463_蓝莓干.jpg,coated
train,dataset\non_coated\_772.jpg,non_coated
train,dataset\coated\307_芒果.jpg,coated
train,dataset\non_coated\_990.jpg,non_coated
train,dataset\non_coated\_451.jpg,non_coated
train,dataset\non_coated\_6.jpg,non_coated
train,dataset\coated\100_好丽友派.jpg,coated
train,dataset\non_coated\_448.jpg,non_coated
train,dataset\coated\738_不二家可乐糖.jpg,coated
train,dataset\non_coated\_992.jpg,non_coated
train,dataset\non_coated\_803.jpg,non_coated
train,dataset\non_coated\_320.jpg,non_coated
train,dataset\coated\633_巧克力牛奶.jpg,coated
train,dataset\coated\900_阳光西梅干.jpg,coated
train,dataset\non_coated\_821.jpg,non_coated
train,dataset\non_coated\_929.jpg,non_coated
train,dataset\coated\134_橘子味棒棒糖.jpg,coated
train,dataset\coated\817_黑巧.jpg,coated
train,dataset\non_coated\_10.jpg,non_coated
train,dataset\non_coated\_28.jpg,non_coated
train,dataset\coated\24_牛奶巧克力4.jpg,coated
train,dataset\non_coated\_642.jpg,non_coated
train,dataset\non_coated\_89.jpg,non_coated
train,dataset\coated\678_咖啡.jpg,coated
train,dataset\coated\285_奶茶.jpg,coated
train,dataset\non_coated\_648.jpg,non_coated
train,dataset\coated\698_蓝山咖啡.jpg,coated
train,dataset\coated\887_酸甜李干.jpg,coated
train,dataset\non_coated\_621.jpg,non_coated
train,dataset\non_coated\_518.jpg,non_coated
train,dataset\coated\172_巧克力.jpg,coated
train,dataset\non_coated\_223.jpg,non_coated
train,dataset\non_coated\_811.jpg,non_coated
train,dataset\non_coated\_784.jpg,non_coated
train,dataset\non_coated\_265.jpg,non_coated
train,dataset\non_coated\_220.jpg,non_coated
train,dataset\non_coated\_829.jpg,non_coated
train,dataset\non_coated\_815.jpg,non_coated
train,dataset\non_coated\_189.jpg,non_coated
train,dataset\non_coated\_130.jpg,non_coated
train,dataset\non_coated\_659.jpg,non_coated
train,dataset\non_coated\_450.jpg,non_coated
train,dataset\non_coated\_459.jpg,non_coated
train,dataset\non_coated\_958.jpg,non_coated
train,dataset\coated\193_橘子.jpg,coated
train,dataset\non_coated\_667.jpg,non_coated
train,dataset\coated\324_阿麦斯软糖.jpg,coated
train,dataset\non_coated\_650.jpg,non_coated
train,dataset\coated\592_法丽兹香草味.jpg,coated
train,dataset\non_coated\_957.jpg,non_coated
train,dataset\non_coated\_602.jpg,non_coated
train,dataset\non_coated\_462.jpg,non_coated
train,dataset\non_coated\_256.jpg,non_coated
train,dataset\coated\631_巧克力牛奶.jpg,coated
train,dataset\non_coated\_705.jpg,non_coated
train,dataset\coated\278_椰子灰冰淇淋.jpg,coated
train,dataset\coated\669_黑芝麻丸子.jpg,coated
train,dataset\coated\77_杨梅.jpg,coated
train,dataset\non_coated\_766.jpg,non_coated
train,dataset\non_coated\_146.jpg,non_coated
train,dataset\coated\954_脏脏软曲奇.jpg,coated
train,dataset\non_coated\_770.jpg,non_coated
train,dataset\non_coated\_916.jpg,non_coated
train,dataset\non_coated\_452.jpg,non_coated
train,dataset\non_coated\_656.jpg,non_coated
train,dataset\non_coated\_179.jpg,non_coated
train,dataset\non_coated\_192.jpg,non_coated
train,dataset\coated\131_蛋黄.jpg,coated
train,dataset\non_coated\_168.jpg,non_coated
train,dataset\coated\596_金桔盐金枣.jpg,coated
train,dataset\coated\291_番茄酱.jpg,coated
train,dataset\non_coated\_613.jpg,non_coated
train,dataset\non_coated\_654.jpg,non_coated
train,dataset\non_coated\_785.jpg,non_coated
train,dataset\non_coated\_474.jpg,non_coated
train,dataset\non_coated\_779.jpg,non_coated
train,dataset\coated\715_莎布蕾饼干.jpg,coated
train,dataset\coated\325_阿麦斯软糖.jpg,coated
train,dataset\non_coated\_32.jpg,non_coated
train,dataset\non_coated\_429.jpg,non_coated
train,dataset\coated\166_彩虹糖.jpg,coated
train,dataset\coated\948_兔子奶油蛋糕.jpg,coated
train,dataset\coated\393_苏卡咖啡.jpg,coated
train,dataset\non_coated\_837.jpg,non_coated
train,dataset\non_coated\_799.jpg,non_coated
train,dataset\non_coated\_204.jpg,non_coated
train,dataset\non_coated\_132.jpg,non_coated
train,dataset\non_coated\_503.jpg,non_coated
train,dataset\non_coated\_710.jpg,non_coated
train,dataset\non_coated\_702.jpg,non_coated
train,dataset\coated\749_沙糖桔.jpg,coated
train,dataset\coated\528_黑巧.jpg,coated
train,dataset\non_coated\_986.jpg,non_coated
train,dataset\coated\810_黑葡提干.jpg,coated
train,dataset\non_coated\_708.jpg,non_coated
train,dataset\non_coated\_34.jpg,non_coated
train,dataset\coated\514_加州西梅.jpg,coated
train,dataset\coated\591_法丽兹香草味.jpg,coated
train,dataset\non_coated\_288.jpg,non_coated
train,dataset\coated\115_芒果.jpg,coated
train,dataset\non_coated\_174.jpg,non_coated
train,dataset\coated\732_阿尔卑斯橙子.jpg,coated
train,dataset\coated\454_巧克力.jpg,coated
train,dataset\non_coated\_208.jpg,non_coated
train,dataset\non_coated\_809.jpg,non_coated
train,dataset\coated\447_芒果.jpg,coated
train,dataset\non_coated\_868.jpg,non_coated
train,dataset\non_coated\_276.jpg,non_coated
train,dataset\coated\754_黑糖话梅.jpg,coated
train,dataset\non_coated\_453.jpg,non_coated
train,dataset\coated\729_榛果味咖啡.jpg,coated
train,dataset\coated\998_巧乐兹冰淇淋.jpg,coated
train,dataset\coated\394_蓝莓.jpg,coated
train,dataset\coated\368_咖啡牛奶.jpg,coated
train,dataset\non_coated\_524.jpg,non_coated
train,dataset\non_coated\_759.jpg,non_coated
train,dataset\coated\90_红心火龙果.jpg,coated
train,dataset\non_coated\_875.jpg,non_coated
train,dataset\non_coated\_628.jpg,non_coated
train,dataset\non_coated\_254.jpg,non_coated
train,dataset\coated\85_彩虹糖.jpg,coated
train,dataset\non_coated\_69.jpg,non_coated
train,dataset\coated\826_黑芝麻丸子.jpg,coated
train,dataset\non_coated\_528.jpg,non_coated
train,dataset\non_coated\_633.jpg,non_coated
train,dataset\non_coated\_639.jpg,non_coated
train,dataset\coated\373_砂糖桔.jpg,coated
train,dataset\non_coated\_640.jpg,non_coated
train,dataset\coated\860_蒙牛酸奶.jpg,coated
train,dataset\non_coated\_84.jpg,non_coated
train,dataset\non_coated\_277.jpg,non_coated
train,dataset\non_coated\_662.jpg,non_coated
train,dataset\coated\113_巧克力.jpg,coated
train,dataset\coated\543_金桔盐金枣.jpg,coated
train,dataset\coated\748_苏卡特浓咖啡.jpg,coated
train,dataset\non_coated\_672.jpg,non_coated
train,dataset\non_coated\_616.jpg,non_coated
train,dataset\coated\508_莎布蕾蓝莓味饼干.jpg,coated
train,dataset\coated\183_杨梅.jpg,coated
train,dataset\non_coated\_605.jpg,non_coated
train,dataset\non_coated\_302.jpg,non_coated
train,dataset\coated\759_粑粑柑.jpg,coated
train,dataset\coated\845_蓝莓干.jpg,coated
train,dataset\coated\315_巧慕斯黑巧.jpg,coated
train,dataset\non_coated\_298.jpg,non_coated
train,dataset\coated\67_红心火龙果.jpg,coated
train,dataset\non_coated\_44.jpg,non_coated
train,dataset\coated\407_黑葡提.jpg,coated
train,dataset\coated\675_橘子.jpg,coated
train,dataset\coated\160_芒果.jpg,coated
train,dataset\coated\505_桑葚.jpg,coated
train,dataset\non_coated\_3.jpg,non_coated
train,dataset\non_coated\_51.jpg,non_coated
train,dataset\coated\143_芒果.jpg,coated
train,dataset\coated\70_巧克力.jpg,coated
train,dataset\non_coated\_98.jpg,non_coated
train,dataset\coated\380_黑巧.jpg,coated
train,dataset\non_coated\_424.jpg,non_coated
train,dataset\coated\204_可口可乐.jpg,coated
train,dataset\coated\62_巧克力.jpg,coated
train,dataset\non_coated\_467.jpg,non_coated
train,dataset\non_coated\_973.jpg,non_coated
train,dataset\coated\563_蓝莓.jpg,coated
train,dataset\coated\735_不二橙子.jpg,coated
train,dataset\non_coated\_53.jpg,non_coated
train,dataset\non_coated\_800.jpg,non_coated
train,dataset\coated\63_橘子味软糖.jpg,coated
train,dataset\non_coated\_73.jpg,non_coated
train,dataset\non_coated\_899.jpg,non_coated
train,dataset\non_coated\_328.jpg,non_coated
train,dataset\non_coated\_8.jpg,non_coated
train,dataset\coated\361_百醇巧克力.jpg,coated
train,dataset\non_coated\_427.jpg,non_coated
train,dataset\non_coated\_938.jpg,non_coated
train,dataset\non_coated\_855.jpg,non_coated
train,dataset\non_coated\_303.jpg,non_coated
train,dataset\non_coated\_113.jpg,non_coated
train,dataset\non_coated\_243.jpg,non_coated
train,dataset\coated\756_苏卡特浓咖啡.jpg,coated
train,dataset\non_coated\_952.jpg,non_coated
train,dataset\non_coated\_114.jpg,non_coated
train,dataset\non_coated\_262.jpg,non_coated
train,dataset\non_coated\_507.jpg,non_coated
train,dataset\coated\542_金桔盐金枣.jpg,coated
train,dataset\non_coated\_471.jpg,non_coated
train,dataset\coated\891_台式梅肉.jpg,coated
train,dataset\coated\30_橙子.jpg,coated
train,dataset\non_coated\_604.jpg,non_coated
train,dataset\non_coated\_197.jpg,non_coated
train,dataset\non_coated\_630.jpg,non_coated
train,dataset\non_coated\_169.jpg,non_coated
train,dataset\coated\707_雀巢咖啡.jpg,coated
train,dataset\coated\843_蓝莓干.jpg,coated
train,dataset\non_coated\_264.jpg,non_coated
train,dataset\coated\301_黑芝麻小丸子.jpg,coated
train,dataset\non_coated\_356.jpg,non_coated
train,dataset\coated\185_彩虹糖.jpg,coated
train,dataset\coated\491_不二家牛奶糖.jpg,coated
train,dataset\non_coated\_764.jpg,non_coated
train,dataset\coated\660_黑葡提.jpg,coated
train,dataset\coated\775_不二棒棒橙.jpg,coated
train,dataset\coated\247_火龙果.jpg,coated
train,dataset\coated\331_莎布蕾咖啡味饼干.jpg,coated
train,dataset\coated\8_玉米汁.jpg,coated
train,dataset\coated\546_蓝莓干.jpg,coated
train,dataset\non_coated\_306.jpg,non_coated
train,dataset\coated\762_耙耙柑.jpg,coated
train,dataset\coated\562_黑提干.jpg,coated
train,dataset\non_coated\_313.jpg,non_coated
train,dataset\coated\438_巧慕丝黑巧.jpg,coated
train,dataset\coated\33_咖啡.jpg,coated
train,dataset\coated\783_彩虹糖咖色.jpg,coated
train,dataset\coated\346_奥利奥.jpg,coated
train,dataset\coated\687_卡士酸奶.jpg,coated
train,dataset\non_coated\_412.jpg,non_coated
train,dataset\coated\42_咖啡味棒棒糖.jpg,coated
train,dataset\coated\834_橘子.jpg,coated
train,dataset\coated\721_特浓咖啡.jpg,coated
train,dataset\non_coated\_136.jpg,non_coated
train,dataset\non_coated\_599.jpg,non_coated
train,dataset\coated\519_法丽兹冰淇淋味饼干.jpg,coated
train,dataset\non_coated\_139.jpg,non_coated
train,dataset\non_coated\_463.jpg,non_coated
train,dataset\non_coated\_76.jpg,non_coated
train,dataset\coated\624_香飘飘奶茶.jpg,coated
train,dataset\coated\586_奥利奥.jpg,coated
train,dataset\coated\178_杨梅.jpg,coated
train,dataset\non_coated\_142.jpg,non_coated
train,dataset\non_coated\_941.jpg,non_coated
train,dataset\non_coated\_726.jpg,non_coated
train,dataset\non_coated\_509.jpg,non_coated
train,dataset\coated\680_咖啡.jpg,coated
train,dataset\non_coated\_510.jpg,non_coated
train,dataset\coated\518_法丽兹冰淇淋味饼干.jpg,coated
train,dataset\coated\576_莎布蕾糕点.jpg,coated
train,dataset\non_coated\_62.jpg,non_coated
train,dataset\non_coated\_588.jpg,non_coated
train,dataset\non_coated\_350.jpg,non_coated
train,dataset\non_coated\_348.jpg,non_coated
train,dataset\non_coated\_290.jpg,non_coated
train,dataset\non_coated\_472.jpg,non_coated
train,dataset\non_coated\_587.jpg,non_coated
train,dataset\non_coated\_532.jpg,non_coated
train,dataset\non_coated\_78.jpg,non_coated
train,dataset\non_coated\_908.jpg,non_coated
train,dataset\non_coated\_717.jpg,non_coated
train,dataset\coated\270_牛奶.jpg,coated
train,dataset\coated\913_阿尔卑斯橙子.jpg,coated
train,dataset\coated\509_莎布蕾蓝莓味饼干.jpg,coated
train,dataset\coated\362_百醇巧克力.jpg,coated
train,dataset\coated\66_巧克力.jpg,coated
train,dataset\non_coated\_976.jpg,non_coated
train,dataset\coated\797_黑莓.jpg,coated
train,dataset\coated\926_彩虹糖咖色.jpg,coated
train,dataset\non_coated\_891.jpg,non_coated
train,dataset\coated\874_砂糖桔.jpg,coated
train,dataset\non_coated\_686.jpg,non_coated
train,dataset\coated\329_莎布蕾咖啡味饼干.jpg,coated
train,dataset\coated\457_黑莓.jpg,coated
train,dataset\coated\726_香飘原味.jpg,coated
train,dataset\coated\213_冰淇淋.jpg,coated
train,dataset\coated\379_黑巧.jpg,coated
train,dataset\non_coated\_138.jpg,non_coated
train,dataset\non_coated\_848.jpg,non_coated
train,dataset\coated\486_桑葚.jpg,coated
train,dataset\non_coated\_492.jpg,non_coated
train,dataset\coated\786_彩虹糖绿色.jpg,coated
train,dataset\non_coated\_469.jpg,non_coated
train,dataset\coated\653_彩虹糖红色.jpg,coated
train,dataset\non_coated\_226.jpg,non_coated
train,dataset\coated\681_咖啡.jpg,coated
train,dataset\coated\245_巧克力.jpg,coated
train,dataset\coated\632_巧克力牛奶.jpg,coated
train,dataset\non_coated\_635.jpg,non_coated
train,dataset\non_coated\_305.jpg,non_coated
train,dataset\non_coated\_93.jpg,non_coated
train,dataset\coated\209_蓝莓.jpg,coated
train,dataset\non_coated\_715.jpg,non_coated
train,dataset\coated\539_黑葡提干.jpg,coated
train,dataset\coated\800_黑莓.jpg,coated
train,dataset\coated\237_黑巧.jpg,coated
train,dataset\coated\910_玉米汁.jpg,coated
train,dataset\coated\674_金桔盐金枣.jpg,coated
train,dataset\coated\899_阳光西梅干.jpg,coated
train,dataset\coated\544_蓝莓干.jpg,coated
train,dataset\non_coated\_885.jpg,non_coated
train,dataset\non_coated\_68.jpg,non_coated
train,dataset\non_coated\_763.jpg,non_coated
train,dataset\coated\620_台式梅肉.jpg,coated
train,dataset\coated\347_黑巧.jpg,coated
train,dataset\coated\760_粑粑柑.jpg,coated
train,dataset\non_coated\_674.jpg,non_coated
train,dataset\non_coated\_20.jpg,non_coated
train,dataset\coated\369_咖啡牛奶.jpg,coated
train,dataset\coated\173_巧克力.jpg,coated
train,dataset\non_coated\_649.jpg,non_coated
train,dataset\non_coated\_193.jpg,non_coated
train,dataset\non_coated\_638.jpg,non_coated
train,dataset\coated\37_柠檬味彩虹糖.jpg,coated
train,dataset\coated\566_蓝莓干.jpg,coated
train,dataset\coated\751_沙糖桔.jpg,coated
train,dataset\coated\89_咖啡.jpg,coated
train,dataset\coated\327_黑葡提.jpg,coated
train,dataset\coated\806_黑葡提.jpg,coated
train,dataset\coated\181_咖啡.jpg,coated
train,dataset\coated\219_柠檬糖.jpg,coated
train,dataset\non_coated\_214.jpg,non_coated
train,dataset\non_coated\_698.jpg,non_coated
train,dataset\non_coated\_554.jpg,non_coated
train,dataset\coated\490_小台芒.jpg,coated
train,dataset\non_coated\_912.jpg,non_coated
train,dataset\non_coated\_232.jpg,non_coated
train,dataset\coated\925_彩虹糖黄色.jpg,coated
train,dataset\coated\768_百醇巧克力.jpg,coated
train,dataset\coated\152_彩虹糖.jpg,coated
train,dataset\coated\513_莎布蕾咖啡味饼干.jpg,coated
train,dataset\coated\997_巧乐兹冰淇淋.jpg,coated
train,dataset\coated\828_话梅糖.jpg,coated
train,dataset\coated\689_蓝莓.jpg,coated
train,dataset\coated\38_葡萄味彩虹糖.jpg,coated
train,dataset\non_coated\_918.jpg,non_coated
train,dataset\non_coated\_839.jpg,non_coated
train,dataset\non_coated\_740.jpg,non_coated
train,dataset\coated\723_香飘飘奶茶.jpg,coated
train,dataset\coated\227_彩虹糖.jpg,coated
train,dataset\coated\155_芒果.jpg,coated
train,dataset\coated\254_彩虹糖.jpg,coated
train,dataset\coated\442_黑葡提.jpg,coated
train,dataset\coated\7_玉米汁.jpg,coated
train,dataset\non_coated\_914.jpg,non_coated
train,dataset\non_coated\_86.jpg,non_coated
train,dataset\coated\28_彩虹糖.jpg,coated
train,dataset\coated\943_莎布蕾饼干.jpg,coated
train,dataset\non_coated\_206.jpg,non_coated
train,dataset\coated\142_橘子.jpg,coated
train,dataset\non_coated\_64.jpg,non_coated
train,dataset\non_coated\_246.jpg,non_coated
train,dataset\coated\647_百事可乐.jpg,coated
train,dataset\non_coated\_417.jpg,non_coated
train,dataset\coated\559_彩虹糖咖色.jpg,coated
train,dataset\coated\492_不二家牛奶糖.jpg,coated
train,dataset\non_coated\_684.jpg,non_coated
train,dataset\non_coated\_849.jpg,non_coated
train,dataset\non_coated\_187.jpg,non_coated
train,dataset\coated\192_彩虹糖.jpg,coated
train,dataset\coated\3_香飘飘原味奶茶.jpg,coated
train,dataset\non_coated\_742.jpg,non_coated
train,dataset\non_coated\_456.jpg,non_coated
train,dataset\coated\973_芒果.jpg,coated
train,dataset\non_coated\_720.jpg,non_coated
train,dataset\non_coated\_505.jpg,non_coated
train,dataset\non_coated\_360.jpg,non_coated
train,dataset\non_coated\_398.jpg,non_coated
train,dataset\non_coated\_895.jpg,non_coated
train,dataset\non_coated\_573.jpg,non_coated
train,dataset\non_coated\_577.jpg,non_coated
train,dataset\non_coated\_488.jpg,non_coated
train,dataset\non_coated\_567.jpg,non_coated
train,dataset\coated\745_巧克力.jpg,coated
train,dataset\coated\792_豆浆.jpg,coated
train,dataset\non_coated\_134.jpg,non_coated
train,dataset\non_coated\_566.jpg,non_coated
train,dataset\non_coated\_575.jpg,non_coated
train,dataset\coated\908_玉米汁.jpg,coated
train,dataset\coated\414_奥利奥饼干原味.jpg,coated
train,dataset\coated\537_黑葡提.jpg,coated
train,dataset\coated\403_奥利奥饼干.jpg,coated
train,dataset\non_coated\_831.jpg,non_coated
train,dataset\coated\570_芒果.jpg,coated
train,dataset\non_coated\_558.jpg,non_coated
train,dataset\non_coated\_683.jpg,non_coated
train,dataset\coated\921_彩虹糖橙色.jpg,coated
train,dataset\non_coated\_366.jpg,non_coated
train,dataset\coated\516_加州西梅.jpg,coated
train,dataset\non_coated\_436.jpg,non_coated
train,dataset\non_coated\_186.jpg,non_coated
train,dataset\non_coated\_542.jpg,non_coated
train,dataset\coated\614_金桔盐金枣.jpg,coated
train,dataset\non_coated\_842.jpg,non_coated
train,dataset\non_coated\_985.jpg,non_coated
train,dataset\non_coated\_723.jpg,non_coated
train,dataset\coated\600_砂糖桔.jpg,coated
train,dataset\coated\452_巧克力.jpg,coated
train,dataset\coated\248_彩虹糖.jpg,coated
train,dataset\coated\469_金桔盐金枣.jpg,coated
train,dataset\coated\479_莎布蕾咖啡味饼干.jpg,coated
train,dataset\non_coated\_274.jpg,non_coated
train,dataset\non_coated\_841.jpg,non_coated
train,dataset\coated\859_蒙牛酸奶.jpg,coated
train,dataset\coated\150_百香果.jpg,coated
train,dataset\non_coated\_54.jpg,non_coated
train,dataset\coated\253_彩虹糖.jpg,coated
train,dataset\coated\256_芬达汽水.jpg,coated
train,dataset\non_coated\_924.jpg,non_coated
train,dataset\non_coated\_781.jpg,non_coated
train,dataset\coated\981_南方黑芝麻糊.jpg,coated
train,dataset\coated\809_黑葡提.jpg,coated
train,dataset\non_coated\_734.jpg,non_coated
train,dataset\non_coated\_552.jpg,non_coated
train,dataset\non_coated\_344.jpg,non_coated
train,dataset\coated\333_芒果.jpg,coated
train,dataset\coated\473_莎布蕾咖啡味饼干.jpg,coated
train,dataset\coated\477_咖啡牛奶.jpg,coated
train,dataset\non_coated\_103.jpg,non_coated
train,dataset\non_coated\_338.jpg,non_coated
train,dataset\coated\64_彩虹糖.jpg,coated
train,dataset\non_coated\_52.jpg,non_coated
train,dataset\coated\268_奥利奥饼干.jpg,coated
train,dataset\coated\704_雀巢咖啡.jpg,coated
train,dataset\coated\471_金桔盐金枣.jpg,coated
train,dataset\coated\43_橘子.jpg,coated
train,dataset\non_coated\_521.jpg,non_coated
train,dataset\coated\272_黑巧.jpg,coated
train,dataset\coated\683_咖啡.jpg,coated
train,dataset\coated\482_黑葡提.jpg,coated
train,dataset\coated\275_橘子.jpg,coated
train,dataset\coated\670_黑芝麻丸子.jpg,coated
train,dataset\non_coated\_210.jpg,non_coated
train,dataset\coated\889_台式梅肉.jpg,coated
train,dataset\coated\833_加州西梅.jpg,coated
train,dataset\coated\336_巧慕丝黑巧.jpg,coated
train,dataset\coated\244_橘子.jpg,coated
train,dataset\coated\930_红心火龙果.jpg,coated
train,dataset\non_coated\_195.jpg,non_coated
train,dataset\coated\915_不二葡萄棒糖.jpg,coated
train,dataset\coated\927_彩虹糖咖色.jpg,coated
train,dataset\non_coated\_933.jpg,non_coated
train,dataset\coated\474_莎布蕾咖啡味饼干.jpg,coated
train,dataset\coated\708_桑葚.jpg,coated
train,dataset\non_coated\_874.jpg,non_coated
train,dataset\coated\187_芒果.jpg,coated
train,dataset\non_coated\_704.jpg,non_coated
train,dataset\non_coated\_658.jpg,non_coated
train,dataset\non_coated\_983.jpg,non_coated
train,dataset\non_coated\_378.jpg,non_coated
train,dataset\coated\385_苏卡咖啡.jpg,coated
train,dataset\non_coated\_355.jpg,non_coated
train,dataset\non_coated\_483.jpg,non_coated
train,dataset\coated\709_桑葚.jpg,coated
train,dataset\non_coated\_120.jpg,non_coated
train,dataset\coated\855_麻辣烫.jpg,coated
train,dataset\non_coated\_780.jpg,non_coated
train,dataset\non_coated\_119.jpg,non_coated
train,dataset\coated\330_莎布蕾咖啡味饼干.jpg,coated
train,dataset\coated\643_杨梅姜.jpg,coated
train,dataset\coated\485_桑葚.jpg,coated
train,dataset\non_coated\_735.jpg,non_coated
train,dataset\coated\412_小台芒.jpg,coated
train,dataset\non_coated\_733.jpg,non_coated
train,dataset\coated\207_蓝莓.jpg,coated
train,dataset\coated\495_夹心糖咖色.jpg,coated
train,dataset\non_coated\_235.jpg,non_coated
train,dataset\non_coated\_893.jpg,non_coated
train,dataset\non_coated\_972.jpg,non_coated
train,dataset\coated\326_黑葡提.jpg,coated
train,dataset\non_coated\_16.jpg,non_coated
train,dataset\coated\182_巧克力味糖果.jpg,coated
train,dataset\non_coated\_797.jpg,non_coated
train,dataset\coated\52_牛奶糖.jpg,coated
train,dataset\non_coated\_37.jpg,non_coated
train,dataset\coated\830_话梅糖.jpg,coated
train,dataset\coated\696_蓝山咖啡.jpg,coated
train,dataset\coated\29_彩虹糖.jpg,coated
train,dataset\coated\370_蓝莓.jpg,coated
train,dataset\non_coated\_749.jpg,non_coated
train,dataset\non_coated\_953.jpg,non_coated
train,dataset\non_coated\_200.jpg,non_coated
train,dataset\non_coated\_880.jpg,non_coated
train,dataset\coated\1001_台式梅肉.jpg,coated
train,dataset\coated\200_黑巧.jpg,coated
train,dataset\coated\958_筝筝纸鸢奶茶.jpg,coated
train,dataset\non_coated\_696.jpg,non_coated
train,dataset\coated\206_火龙果.jpg,coated
train,dataset\non_coated\_645.jpg,non_coated
train,dataset\non_coated\_335.jpg,non_coated
train,dataset\coated\211_芒果.jpg,coated
train,dataset\non_coated\_729.jpg,non_coated
train,dataset\coated\799_黑莓.jpg,coated
train,dataset\coated\406_芒果.jpg,coated
train,dataset\non_coated\_409.jpg,non_coated
train,dataset\non_coated\_441.jpg,non_coated
train,dataset\coated\132_巧克力.jpg,coated
train,dataset\non_coated\_954.jpg,non_coated
train,dataset\coated\453_巧克力.jpg,coated
train,dataset\coated\996_巧乐兹冰淇淋.jpg,coated
train,dataset\non_coated\_347.jpg,non_coated
train,dataset\coated\878_莎布蕾饼干.jpg,coated
train,dataset\coated\1_咖啡.jpg,coated
train,dataset\non_coated\_408.jpg,non_coated
train,dataset\non_coated\_382.jpg,non_coated
train,dataset\coated\622_香飘飘奶茶.jpg,coated
train,dataset\non_coated\_150.jpg,non_coated
train,dataset\coated\334_芒果.jpg,coated
train,dataset\non_coated\_713.jpg,non_coated
train,dataset\coated\497_奥利奥原味饼干.jpg,coated
train,dataset\non_coated\_17.jpg,non_coated
validation,dataset\coated\560_黑提干.jpg,coated
validation,dataset\non_coated\_117.jpg,non_coated
validation,dataset\coated\432_法丽兹巧克力.jpg,coated
validation,dataset\non_coated\_61.jpg,non_coated
validation,dataset\coated\60_橙子味棒棒糖.jpg,coated
validation,dataset\non_coated\_222.jpg,non_coated
validation,dataset\non_coated\_563.jpg,non_coated
validation,dataset\coated\942_莎布蕾饼干.jpg,coated
validation,dataset\coated\58_奶茶.jpg,coated
validation,dataset\non_coated\_13.jpg,non_coated
validation,dataset\coated\610_彩虹糖橙色.jpg,coated
validation,dataset\coated\55_芒果.jpg,coated
validation,dataset\non_coated\_560.jpg,non_coated
validation,dataset\non_coated\_140.jpg,non_coated
validation,dataset\coated\246_蓝莓干.jpg,coated
validation,dataset\non_coated\_791.jpg,non_coated
validation,dataset\coated\540_黑葡提干.jpg,coated
validation,dataset\non_coated\_591.jpg,non_coated
validation,dataset\coated\84_巧克力.jpg,coated
validation,dataset\coated\904_椰丝冻.jpg,coated
validation,dataset\non_coated\_537.jpg,non_coated
validation,dataset\non_coated\_873.jpg,non_coated
validation,dataset\non_coated\_572.jpg,non_coated
validation,dataset\coated\384_蓝莓.jpg,coated
validation,dataset\non_coated\_43.jpg,non_coated
validation,dataset\coated\880_莎布蕾饼干.jpg,coated
validation,dataset\non_coated\_402.jpg,non_coated
validation,dataset\non_coated\_227.jpg,non_coated
validation,dataset\coated\829_话梅糖.jpg,coated
validation,dataset\non_coated\_743.jpg,non_coated
validation,dataset\non_coated\_615.jpg,non_coated
validation,dataset\coated\842_蓝莓干.jpg,coated
validation,dataset\coated\162_杨梅.jpg,coated
validation,dataset\non_coated\_676.jpg,non_coated
validation,dataset\coated\399_蓝莓干.jpg,coated
validation,dataset\non_coated\_851.jpg,non_coated
validation,dataset\coated\527_黑巧.jpg,coated
validation,dataset\coated\288_茶颜悦色奶茶.jpg,coated
validation,dataset\non_coated\_583.jpg,non_coated
validation,dataset\non_coated\_46.jpg,non_coated
validation,dataset\non_coated\_932.jpg,non_coated
validation,dataset\coated\205_黑巧.jpg,coated
validation,dataset\non_coated\_871.jpg,non_coated
validation,dataset\non_coated\_321.jpg,non_coated
validation,dataset\coated\919_彩虹糖橙色.jpg,coated
validation,dataset\coated\269_彩虹糖.jpg,coated
validation,dataset\coated\230_彩虹糖.jpg,coated
validation,dataset\non_coated\_778.jpg,non_coated
validation,dataset\coated\312_泡面.jpg,coated
validation,dataset\non_coated\_389.jpg,non_coated
validation,dataset\coated\575_莎布蕾糕点.jpg,coated
validation,dataset\coated\489_小台芒.jpg,coated
validation,dataset\coated\597_百醇巧克力.jpg,coated
validation,dataset\non_coated\_651.jpg,non_coated
validation,dataset\coated\802_黑莓.jpg,coated
validation,dataset\coated\864_木瓜.jpg,coated
validation,dataset\non_coated\_819.jpg,non_coated
validation,dataset\non_coated\_25.jpg,non_coated
validation,dataset\non_coated\_311.jpg,non_coated
validation,dataset\non_coated\_1007.jpg,non_coated
validation,dataset\non_coated\_229.jpg,non_coated
validation,dataset\coated\496_夹心糖咖色.jpg,coated
validation,dataset\non_coated\_535.jpg,non_coated
validation,dataset\coated\129_彩虹糖.jpg,coated
validation,dataset\non_coated\_362.jpg,non_coated
validation,dataset\coated\993_不二家咖色糖.jpg,coated
validation,dataset\non_coated\_878.jpg,non_coated
validation,dataset\non_coated\_898.jpg,non_coated
validation,dataset\non_coated\_598.jpg,non_coated
validation,dataset\coated\960_法丽兹冰淇淋.jpg,coated
validation,dataset\coated\933_卡士蛋白酸奶.jpg,coated
validation,dataset\coated\366_咖啡牛奶.jpg,coated
validation,dataset\non_coated\_511.jpg,non_coated
validation,dataset\coated\875_砂糖桔.jpg,coated
validation,dataset\non_coated\_215.jpg,non_coated
validation,dataset\non_coated\_97.jpg,non_coated
validation,dataset\coated\894_小青芒.jpg,coated
validation,dataset\non_coated\_525.jpg,non_coated
validation,dataset\coated\296_黑莓.jpg,coated
validation,dataset\coated\693_蓝莓干.jpg,coated
validation,dataset\coated\625_芬达葡萄味.jpg,coated
validation,dataset\coated\924_彩虹糖黄色.jpg,coated
validation,dataset\non_coated\_595.jpg,non_coated
validation,dataset\coated\885_苏卡蓝山.jpg,coated
validation,dataset\non_coated\_788.jpg,non_coated
validation,dataset\non_coated\_876.jpg,non_coated
validation,dataset\coated\714_莎布蕾饼干.jpg,coated
validation,dataset\non_coated\_307.jpg,non_coated
validation,dataset\non_coated\_942.jpg,non_coated
validation,dataset\non_coated\_903.jpg,non_coated
validation,dataset\non_coated\_154.jpg,non_coated
validation,dataset\non_coated\_431.jpg,non_coated
validation,dataset\coated\771_百醇巧克力.jpg,coated
validation,dataset\non_coated\_844.jpg,non_coated
validation,dataset\non_coated\_541.jpg,non_coated
validation,dataset\coated\690_蓝莓.jpg,coated
validation,dataset\coated\341_黑莓.jpg,coated
validation,dataset\coated\552_台式梅肉.jpg,coated
validation,dataset\coated\555_奥利奥.jpg,coated
validation,dataset\coated\428_蓝莓干.jpg,coated
validation,dataset\non_coated\_737.jpg,non_coated
validation,dataset\coated\617_芒果.jpg,coated
validation,dataset\non_coated\_805.jpg,non_coated
validation,dataset\coated\548_小台芒.jpg,coated
validation,dataset\coated\659_黑莓.jpg,coated
validation,dataset\coated\557_彩虹糖咖色.jpg,coated
validation,dataset\coated\243_芒果.jpg,coated
validation,dataset\non_coated\_107.jpg,non_coated
validation,dataset\coated\44_巧克力.jpg,coated
validation,dataset\non_coated\_671.jpg,non_coated
validation,dataset\non_coated\_549.jpg,non_coated
validation,dataset\coated\868_桑葚.jpg,coated
validation,dataset\coated\11_苏卡咖啡.jpg,coated
validation,dataset\non_coated\_569.jpg,non_coated
validation,dataset\non_coated\_337.jpg,non_coated
validation,dataset\non_coated\_951.jpg,non_coated
validation,dataset\coated\772_百醇巧克力.jpg,coated
validation,dataset\non_coated\_19.jpg,non_coated
validation,dataset\coated\865_农科乳茶.jpg,coated
validation,dataset\coated\124_彩虹糖.jpg,coated
validation,dataset\coated\21_彩虹糖.jpg,coated
validation,dataset\coated\619_台式梅肉.jpg,coated
validation,dataset\non_coated\_646.jpg,non_coated
validation,dataset\coated\832_加州西梅.jpg,coated
validation,dataset\non_coated\_689.jpg,non_coated
validation,dataset\non_coated\_31.jpg,non_coated
validation,dataset\coated\608_彩虹糖橙色.jpg,coated
validation,dataset\coated\976_椰汁.jpg,coated
validation,dataset\non_coated\_886.jpg,non_coated
validation,dataset\coated\151_彩虹糖.jpg,coated
validation,dataset\coated\488_小台芒.jpg,coated
validation,dataset\coated\984_娱悦椰奶咖啡棒.jpg,coated
validation,dataset\coated\208_蓝莓.jpg,coated
validation,dataset\coated\494_夹心糖咖色.jpg,coated
validation,dataset\non_coated\_663.jpg,non_coated
validation,dataset\coated\122_橘子味糖果.jpg,coated
validation,dataset\non_coated\_403.jpg,non_coated
validation,dataset\coated\897_小台芒.jpg,coated
validation,dataset\coated\284_奥利奥饼干.jpg,coated
validation,dataset\non_coated\_241.jpg,non_coated
validation,dataset\coated\613_金桔盐金枣.jpg,coated
validation,dataset\non_coated\_548.jpg,non_coated
validation,dataset\coated\342_黑莓.jpg,coated
validation,dataset\coated\297_黑葡提.jpg,coated
validation,dataset\coated\839_蓝莓.jpg,coated
validation,dataset\coated\251_彩虹糖.jpg,coated
validation,dataset\non_coated\_697.jpg,non_coated
validation,dataset\non_coated\_843.jpg,non_coated
validation,dataset\coated\746_苏卡特浓咖啡.jpg,coated
validation,dataset\coated\938_美乐笛棒棒糖.jpg,coated
validation,dataset\coated\123_玉米棒.jpg,coated
validation,dataset\non_coated\_304.jpg,non_coated
validation,dataset\non_coated\_340.jpg,non_coated
validation,dataset\non_coated\_522.jpg,non_coated
validation,dataset\non_coated\_504.jpg,non_coated
validation,dataset\non_coated\_534.jpg,non_coated
validation,dataset\non_coated\_314.jpg,non_coated
validation,dataset\non_coated\_782.jpg,non_coated
validation,dataset\coated\612_金桔盐金枣.jpg,coated
validation,dataset\coated\467_小台芒.jpg,coated
validation,dataset\non_coated\_240.jpg,non_coated
validation,dataset\non_coated\_90.jpg,non_coated
validation,dataset\non_coated\_861.jpg,non_coated
validation,dataset\non_coated\_955.jpg,non_coated
validation,dataset\coated\700_巧慕斯黑巧.jpg,coated
validation,dataset\coated\987_莎布蕾蓝莓味糕点.jpg,coated
validation,dataset\non_coated\_637.jpg,non_coated
validation,dataset\non_coated\_795.jpg,non_coated
validation,dataset\coated\255_彩虹糖.jpg,coated
validation,dataset\coated\953_香飘飘奶茶原.jpg,coated
validation,dataset\coated\351_莎布蕾咖啡味饼干.jpg,coated
validation,dataset\coated\641_杨梅姜.jpg,coated
validation,dataset\non_coated\_88.jpg,non_coated
validation,dataset\coated\961_法丽兹冰淇淋.jpg,coated
validation,dataset\non_coated\_678.jpg,non_coated
validation,dataset\non_coated\_5.jpg,non_coated
validation,dataset\non_coated\_833.jpg,non_coated
validation,dataset\non_coated\_897.jpg,non_coated
validation,dataset\coated\96_彩虹糖.jpg,coated
validation,dataset\non_coated\_12.jpg,non_coated
validation,dataset\coated\311_牛奶.jpg,coated
validation,dataset\coated\510_莎布蕾蓝莓味饼干.jpg,coated
validation,dataset\coated\76_巧克力.jpg,coated
validation,dataset\coated\470_金桔盐金枣.jpg,coated
validation,dataset\non_coated\_889.jpg,non_coated
validation,dataset\non_coated\_931.jpg,non_coated
validation,dataset\non_coated\_425.jpg,non_coated
validation,dataset\coated\677_橘子.jpg,coated
validation,dataset\coated\589_黑莓.jpg,coated
validation,dataset\non_coated\_286.jpg,non_coated
validation,dataset\coated\128_巧克力.jpg,coated
validation,dataset\non_coated\_368.jpg,non_coated
validation,dataset\non_coated\_159.jpg,non_coated
validation,dataset\non_coated\_937.jpg,non_coated
validation,dataset\coated\292_番茄酱.jpg,coated
validation,dataset\coated\305_橘子.jpg,coated
validation,dataset\non_coated\_538.jpg,non_coated
validation,dataset\non_coated\_687.jpg,non_coated
validation,dataset\non_coated\_802.jpg,non_coated
validation,dataset\non_coated\_104.jpg,non_coated
validation,dataset\non_coated\_817.jpg,non_coated
test,dataset\coated\567_蓝莓干.jpg,coated
test,dataset\coated\593_法丽兹香草味.jpg,coated
test,dataset\coated\502_巧克力棒.jpg,coated
test,dataset\non_coated\_738.jpg,non_coated
test,dataset\non_coated\_592.jpg,non_coated
test,dataset\coated\656_彩虹糖黄色.jpg,coated
test,dataset\non_coated\_939.jpg,non_coated
test,dataset\non_coated\_755.jpg,non_coated
test,dataset\coated\946_莎布蕾巧克力.jpg,coated
test,dataset\non_coated\_822.jpg,non_coated
test,dataset\coated\139_泡腾片.jpg,coated
test,dataset\coated\917_彩虹糖橙色.jpg,coated
test,dataset\non_coated\_570.jpg,non_coated
test,dataset\coated\819_黑芝麻糊.jpg,coated
test,dataset\non_coated\_228.jpg,non_coated
test,dataset\non_coated\_156.jpg,non_coated
test,dataset\coated\990_苏卡咖啡.jpg,coated
test,dataset\coated\920_彩虹糖橙色.jpg,coated
test,dataset\non_coated\_284.jpg,non_coated
test,dataset\coated\149_彩虹糖.jpg,coated
test,dataset\coated\107_蓝莓酱.jpg,coated
test,dataset\non_coated\_597.jpg,non_coated
test,dataset\non_coated\_866.jpg,non_coated
test,dataset\coated\964_咖啡牛奶.jpg,coated
test,dataset\non_coated\_971.jpg,non_coated
test,dataset\non_coated\_239.jpg,non_coated
test,dataset\coated\1000_台式梅肉.jpg,coated
test,dataset\non_coated\_279.jpg,non_coated
test,dataset\non_coated\_493.jpg,non_coated
test,dataset\coated\478_咖啡牛奶.jpg,coated
test,dataset\non_coated\_847.jpg,non_coated
test,dataset\non_coated\_964.jpg,non_coated
test,dataset\non_coated\_858.jpg,non_coated
test,dataset\coated\940_美乐笛棒棒糖.jpg,coated
test,dataset\non_coated\_813.jpg,non_coated
test,dataset\coated\240_柠檬味糖果.jpg,coated
test,dataset\coated\468_金桔盐金枣.jpg,coated
test,dataset\non_coated\_543.jpg,non_coated
test,dataset\non_coated\_774.jpg,non_coated
test,dataset\coated\655_彩虹糖黄色.jpg,coated
test,dataset\coated\879_莎布蕾饼干.jpg,coated
test,dataset\non_coated\_184.jpg,non_coated
test,dataset\non_coated\_546.jpg,non_coated
test,dataset\non_coated\_145.jpg,non_coated
test,dataset\coated\765_百醇红酒味.jpg,coated
test,dataset\coated\289_橙色彩虹糖.jpg,coated
test,dataset\coated\794_橙味芬达.jpg,coated
test,dataset\coated\458_黑葡提.jpg,coated
test,dataset\coated\287_茶颜悦色奶茶.jpg,coated
test,dataset\non_coated\_92.jpg,non_coated
test,dataset\non_coated\_163.jpg,non_coated
test,dataset\non_coated\_706.jpg,non_coated
test,dataset\coated\421_法丽兹饼干.jpg,coated
test,dataset\non_coated\_470.jpg,non_coated
test,dataset\coated\430_法丽兹巧克力.jpg,coated
test,dataset\non_coated\_596.jpg,non_coated
test,dataset\coated\449_法丽兹草莓味.jpg,coated
test,dataset\non_coated\_157.jpg,non_coated
test,dataset\non_coated\_998.jpg,non_coated
test,dataset\non_coated\_454.jpg,non_coated
test,dataset\non_coated\_221.jpg,non_coated
test,dataset\coated\32_橘子.jpg,coated
test,dataset\non_coated\_149.jpg,non_coated
test,dataset\non_coated\_533.jpg,non_coated
test,dataset\coated\212_咖啡味棒棒糖.jpg,coated
test,dataset\coated\740_蓝山咖啡.jpg,coated
test,dataset\coated\214_彩虹糖.jpg,coated
test,dataset\coated\658_黑莓.jpg,coated
test,dataset\non_coated\_796.jpg,non_coated
test,dataset\non_coated\_293.jpg,non_coated
test,dataset\coated\649_百事可乐.jpg,coated
test,dataset\non_coated\_460.jpg,non_coated
test,dataset\coated\850_蓝山咖啡.jpg,coated
test,dataset\non_coated\_771.jpg,non_coated
test,dataset\non_coated\_736.jpg,non_coated
test,dataset\non_coated\_1005.jpg,non_coated
test,dataset\non_coated\_556.jpg,non_coated
test,dataset\non_coated\_374.jpg,non_coated
test,dataset\non_coated\_428.jpg,non_coated
test,dataset\coated\573_巧慕丝.jpg,coated
test,dataset\coated\249_巧克力.jpg,coated
test,dataset\coated\483_黑葡提.jpg,coated
test,dataset\non_coated\_47.jpg,non_coated
test,dataset\coated\34_巧克力.jpg,coated
test,dataset\non_coated\_388.jpg,non_coated
test,dataset\non_coated\_278.jpg,non_coated
test,dataset\coated\582_香飘飘奶茶.jpg,coated
test,dataset\non_coated\_191.jpg,non_coated
test,dataset\non_coated\_760.jpg,non_coated
test,dataset\non_coated\_744.jpg,non_coated
test,dataset\non_coated\_840.jpg,non_coated
test,dataset\non_coated\_218.jpg,non_coated
test,dataset\coated\266_奥利奥饼干.jpg,coated
test,dataset\non_coated\_199.jpg,non_coated
test,dataset\non_coated\_724.jpg,non_coated
test,dataset\non_coated\_553.jpg,non_coated
test,dataset\coated\109_芒果.jpg,coated
test,dataset\coated\898_小台芒.jpg,coated
test,dataset\coated\335_巧慕丝黑巧.jpg,coated
test,dataset\coated\532_黑莓.jpg,coated
test,dataset\coated\627_芬达葡萄味.jpg,coated
test,dataset\coated\402_奥利奥饼干.jpg,coated
test,dataset\coated\761_耙耙柑.jpg,coated
test,dataset\coated\673_金桔盐金枣.jpg,coated
test,dataset\coated\436_巧慕丝黑巧.jpg,coated
test,dataset\coated\49_红心火龙果.jpg,coated
test,dataset\non_coated\_559.jpg,non_coated
test,dataset\non_coated\_247.jpg,non_coated
test,dataset\non_coated\_523.jpg,non_coated
test,dataset\coated\68_红心火龙果.jpg,coated
test,dataset\non_coated\_384.jpg,non_coated
test,dataset\non_coated\_900.jpg,non_coated
test,dataset\non_coated\_468.jpg,non_coated
test,dataset\coated\429_蓝莓干.jpg,coated
test,dataset\non_coated\_50.jpg,non_coated
test,dataset\coated\972_芒果.jpg,coated
test,dataset\coated\764_百醇红酒味.jpg,coated
test,dataset\coated\148_彩虹糖.jpg,coated
test,dataset\coated\39_彩虹糖.jpg,coated
test,dataset\non_coated\_82.jpg,non_coated
test,dataset\coated\180_咖啡.jpg,coated
test,dataset\coated\239_橘子味糖果.jpg,coated
test,dataset\coated\48_糖果.jpg,coated
test,dataset\non_coated\_701.jpg,non_coated
test,dataset\coated\676_橘子.jpg,coated
test,dataset\coated\702_雀巢咖啡.jpg,coated
test,dataset\coated\390_金桔盐金枣.jpg,coated
test,dataset\non_coated\_272.jpg,non_coated
test,dataset\coated\383_蓝莓.jpg,coated
test,dataset\coated\103_蒙牛酸奶.jpg,coated
test,dataset\coated\156_彩虹糖.jpg,coated
test,dataset\non_coated\_643.jpg,non_coated
test,dataset\non_coated\_610.jpg,non_coated
test,dataset\non_coated\_345.jpg,non_coated
test,dataset\coated\590_黑莓.jpg,coated
test,dataset\coated\812_黑葡提干.jpg,coated
test,dataset\non_coated\_396.jpg,non_coated
test,dataset\non_coated\_625.jpg,non_coated
test,dataset\coated\51_彩虹糖.jpg,coated
test,dataset\non_coated\_155.jpg,non_coated
test,dataset\non_coated\_716.jpg,non_coated
test,dataset\coated\871_沙糖桔.jpg,coated
test,dataset\non_coated\_393.jpg,non_coated
test,dataset\non_coated\_419.jpg,non_coated
test,dataset\non_coated\_586.jpg,non_coated
test,dataset\non_coated\_564.jpg,non_coated
test,dataset\coated\431_法丽兹巧克力.jpg,coated
test,dataset\non_coated\_757.jpg,non_coated
test,dataset\coated\126_彩虹糖.jpg,coated
test,dataset\coated\888_酸甜李干.jpg,coated
test,dataset\coated\931_红心火龙果.jpg,coated
test,dataset\coated\283_巧克力冰淇淋.jpg,coated
test,dataset\non_coated\_357.jpg,non_coated
test,dataset\non_coated\_501.jpg,non_coated
test,dataset\non_coated\_346.jpg,non_coated
test,dataset\non_coated\_536.jpg,non_coated
test,dataset\coated\133_彩虹糖.jpg,coated
test,dataset\coated\465_小台芒.jpg,coated
test,dataset\coated\577_莎布蕾糕点.jpg,coated
test,dataset\coated\827_黑芝麻丸子.jpg,coated
test,dataset\coated\893_小青芒.jpg,coated
test,dataset\coated\153_彩虹糖.jpg,coated
test,dataset\coated\755_苏卡特浓咖啡.jpg,coated
test,dataset\coated\177_巧克力.jpg,coated
test,dataset\non_coated\_30.jpg,non_coated
test,dataset\coated\599_百醇巧克力.jpg,coated
test,dataset\coated\300_黑芝麻丸子.jpg,coated
test,dataset\coated\163_奥利奥饼干.jpg,coated
test,dataset\non_coated\_160.jpg,non_coated
test,dataset\coated\10_苏卡咖啡.jpg,coated
test,dataset\coated\61_橙子味棒棒糖.jpg,coated
test,dataset\non_coated\_526.jpg,non_coated
test,dataset\non_coated\_984.jpg,non_coated
test,dataset\non_coated\_859.jpg,non_coated
test,dataset\non_coated\_57.jpg,non_coated
test,dataset\non_coated\_641.jpg,non_coated
test,dataset\non_coated\_769.jpg,non_coated
test,dataset\coated\982_娱悦椰奶咖啡棒.jpg,coated
test,dataset\coated\348_黑巧.jpg,coated
test,dataset\coated\638_话梅.jpg,coated
test,dataset\non_coated\_935.jpg,non_coated
test,dataset\non_coated\_614.jpg,non_coated
test,dataset\coated\744_巧克力.jpg,coated
test,dataset\non_coated\_391.jpg,non_coated
test,dataset\coated\630_巧慕丝.jpg,coated
test,dataset\non_coated\_652.jpg,non_coated
test,dataset\coated\682_咖啡.jpg,coated
test,dataset\non_coated\_579.jpg,non_coated
test,dataset\coated\273_彩虹糖.jpg,coated
test,dataset\coated\867_农科乳茶.jpg,coated
test,dataset\non_coated\_91.jpg,non_coated
test,dataset\coated\609_彩虹糖橙色.jpg,coated
test,dataset\non_coated\_178.jpg,non_coated
test,dataset\non_coated\_99.jpg,non_coated
test,dataset\coated\886_酸甜李干.jpg,coated
test,dataset\non_coated\_1000.jpg,non_coated
test,dataset\non_coated\_109.jpg,non_coated
test,dataset\non_coated\_854.jpg,non_coated
test,dataset\non_coated\_690.jpg,non_coated
test,dataset\coated\553_台式梅肉.jpg,coated
test,dataset\coated\359_雀巢速溶咖啡.jpg,coated
